,userid,board_name,missed_win,shutter,correct,mean_shutter_cat,greater_half
0,10d2eb59,10_medium_pruned,1,0,0,"narrow
(0-0.1)",1
1,10d437bd,10_hard_full,1,0.25,0,"medium
(0.1-0.67)",1
2,11a64d17,6_hard_pruned,1,0.4,0,"medium
(0.1-0.67)",1
3,11d4bf94,6_hard_full,0.5,0,0,"narrow
(0-0.1)",1
4,11dfe866,6_easy_pruned,1,0,1,"narrow
(0-0.1)",1
5,11e652f7,6_hard_pruned,1,0.4,0,"medium
(0.1-0.67)",1
6,12eacae6,6_easy_full,0.6,1,0,"wide
(0.67-3.6)",1
7,13b7468e,10_hard_pruned,1,1.5,1,"wide
(0.67-3.6)",1
8,13d3015e,10_easy_full,1,0,0,"narrow
(0-0.1)",1
9,13dbbfb8,10_hard_pruned,0.6,0.363636364,0,"medium
(0.1-0.67)",1
10,13e5a30f,10_easy_pruned,1,0.7,1,"wide
(0.67-3.6)",1
11,13f4ff5a,10_hard_full,0.833333333,0.625,0,"medium
(0.1-0.67)",1
12,14b4c043,6_hard_full,0.25,0,0,"narrow
(0-0.1)",0
13,14c5dc72,6_hard_full,0.666666667,0.2,0,"medium
(0.1-0.67)",1
14,15b55c06,6_easy_full,1,1,0,"wide
(0.67-3.6)",1
15,15c4420d,10_easy_full,1,0,0,"narrow
(0-0.1)",1
16,16d516ad,6_hard_pruned,1,0,0,"narrow
(0-0.1)",1
17,16e512d0,6_easy_pruned,1,1.6,1,"wide
(0.67-3.6)",1
18,16ead0a0,10_easy_full,1,1.2,0,"wide
(0.67-3.6)",1
19,16f6e58d,10_hard_pruned,0.666666667,1.307692308,0,"wide
(0.67-3.6)",1
20,17b4c1ea,6_hard_full,0.25,0.888888889,1,"wide
(0.67-3.6)",0
21,17e120dd,6_hard_full,0.142857143,1.090909091,0,"wide
(0.67-3.6)",0
22,17f6cea6,10_medium_pruned,1,0.875,1,"wide
(0.67-3.6)",1
23,18a4334a,10_hard_full,0.4,0.444444444,0,"medium
(0.1-0.67)",0
24,18a695e2,10_hard_pruned,0.857142857,0.304347826,0,"medium
(0.1-0.67)",1
25,19a105e3,6_easy_pruned,0.666666667,1.444444444,1,"wide
(0.67-3.6)",1
26,19a561a7,6_easy_full,1,2.461538462,1,"wide
(0.67-3.6)",1
27,1ab458e7,10_easy_full,0.72,0.862068966,0,"wide
(0.67-3.6)",1
28,1ab6da15,10_medium_full,0.666666667,0.807692308,0,"wide
(0.67-3.6)",1
29,1dac01e7,6_hard_pruned,1,0.333333333,0,"medium
(0.1-0.67)",1
30,1de74153,10_easy_full,0.971428571,1.166666667,0,"wide
(0.67-3.6)",1
31,1ee2f27e,10_hard_pruned,1,0.75,0,"wide
(0.67-3.6)",1
32,1fd1a960,6_easy_pruned,0.75,1.333333333,0,"wide
(0.67-3.6)",1
33,1feef0c1,10_easy_pruned,1,0.428571429,1,"medium
(0.1-0.67)",1
34,1ff4f828,10_hard_full,0.666666667,0,0,"narrow
(0-0.1)",1
35,20a4fec4,10_easy_full,0,0,0,"narrow
(0-0.1)",0
36,20bfd7bd,6_hard_full,0.333333333,0,0,"narrow
(0-0.1)",0
37,20e1bd34,10_hard_full,1,0.333333333,1,"medium
(0.1-0.67)",1
38,21abc061,10_hard_full,0.666666667,1.466666667,0,"wide
(0.67-3.6)",1
39,21f1bc74,6_easy_pruned,0.666666667,0,1,"narrow
(0-0.1)",1
40,22b2f18d,10_easy_full,1,2.333333333,0,"wide
(0.67-3.6)",1
41,22c5aae4,10_medium_pruned,0.666666667,0.933333333,1,"wide
(0.67-3.6)",1
42,22dac859,6_hard_full,0.655172414,0.636363636,0,"medium
(0.1-0.67)",1
43,22f580c9,6_easy_full,0.666666667,1.75,0,"wide
(0.67-3.6)",1
44,23a58279,10_easy_pruned,1,0,1,"narrow
(0-0.1)",1
45,23b6924e,10_easy_full,0.96969697,0.535714286,0,"medium
(0.1-0.67)",1
46,23b6aa96,10_easy_pruned,1,1.1,0,"wide
(0.67-3.6)",1
47,23dbc11c,10_hard_full,0.857142857,0.571428571,0,"medium
(0.1-0.67)",1
48,24a5e25a,6_hard_full,1,1.142857143,0,"wide
(0.67-3.6)",1
49,24b61c03,6_hard_full,1,0,0,"narrow
(0-0.1)",1
50,24d445c5,10_easy_full,0.444444444,1.652173913,1,"wide
(0.67-3.6)",0
51,24e58a14,6_easy_full,1,0.642857143,1,"medium
(0.1-0.67)",1
52,24f4c091,6_hard_full,0.5,0.538461538,0,"medium
(0.1-0.67)",1
53,25b43b96,10_hard_pruned,1,0.333333333,0,"medium
(0.1-0.67)",1
54,25b4e27c,6_hard_pruned,0.666666667,0.6,0,"medium
(0.1-0.67)",1
55,25b60fb4,6_hard_full,1,1.166666667,0,"wide
(0.67-3.6)",1
56,25c4c0ab,6_hard_full,1,1.333333333,0,"wide
(0.67-3.6)",1
57,25cfdeaf,6_hard_pruned,1,1,0,"wide
(0.67-3.6)",1
58,25dfef96,6_easy_full,1,0,1,"narrow
(0-0.1)",1
59,25f6ce98,10_hard_full,1,1,0,"wide
(0.67-3.6)",1
60,26dbf6e9,6_hard_full,0,0.4,1,"medium
(0.1-0.67)",0
61,26e154ac,10_hard_full,0.857142857,0.4,1,"medium
(0.1-0.67)",1
62,26e55a5a,6_easy_full,0.357142857,2.181818182,0,"wide
(0.67-3.6)",0
63,26e680e4,10_easy_full,1,1.157894737,0,"wide
(0.67-3.6)",1
64,27e436f9,6_easy_pruned,0.75,0,1,"narrow
(0-0.1)",1
65,27e58321,10_hard_pruned,1,0,0,"narrow
(0-0.1)",1
66,28a580c4,10_medium_full,1,0.173913043,0,"medium
(0.1-0.67)",1
67,28d4fefb,10_hard_pruned,0.833333333,0.266666667,1,"medium
(0.1-0.67)",1
68,29e72a67,10_medium_pruned,0.625,2.256410256,0,"wide
(0.67-3.6)",1
69,2aa15594,10_medium_pruned,1,0.272727273,1,"medium
(0.1-0.67)",1
70,2aa6b178,10_hard_pruned,0.733333333,0.533333333,0,"medium
(0.1-0.67)",1
71,2aabe76a,6_easy_full,1,2,0,"wide
(0.67-3.6)",1
72,2ab4ecbb,6_hard_pruned,0.8,0.625,0,"medium
(0.1-0.67)",1
73,2abedf01,10_hard_full,0.333333333,1.5,0,"wide
(0.67-3.6)",0
74,2ac591b0,10_easy_pruned,0.833333333,0.5,0,"medium
(0.1-0.67)",1
75,2afbbf79,6_hard_pruned,0.8,0.642857143,0,"medium
(0.1-0.67)",1
76,2bcfe659,6_easy_full,1,1.5,0,"wide
(0.67-3.6)",1
77,2bd232b2,10_hard_full,1,2,0,"wide
(0.67-3.6)",1
78,2be432b7,10_hard_pruned,1,1.25,1,"wide
(0.67-3.6)",1
79,2ca66220,6_hard_pruned,1,0,0,"narrow
(0-0.1)",1
80,2cb650ed,6_hard_pruned,1,0.125,1,"medium
(0.1-0.67)",1
81,2dca846d,6_easy_pruned,1,0.2,0,"medium
(0.1-0.67)",1
82,2ed2eb11,10_easy_pruned,1,0.333333333,1,"medium
(0.1-0.67)",1
83,2fd101b0,10_easy_pruned,0.956521739,0.6,0,"medium
(0.1-0.67)",1
84,2fd310c0,6_easy_full,1,0,1,"narrow
(0-0.1)",1
85,2ff50f64,6_hard_pruned,1,0,0,"narrow
(0-0.1)",1
86,30c4e230,6_hard_pruned,0.6875,0.538461538,0,"medium
(0.1-0.67)",1
87,30e4feac,6_hard_pruned,1,0.333333333,0,"medium
(0.1-0.67)",1
88,30f2f747,10_hard_pruned,0.5,0.375,0,"medium
(0.1-0.67)",1
89,31b2e974,10_easy_full,0.857142857,0.555555556,0,"medium
(0.1-0.67)",1
90,31b4fc9e,10_easy_full,1,1.125,1,"wide
(0.67-3.6)",1
91,31e63b91,6_hard_full,0.714285714,0.666666667,0,"medium
(0.1-0.67)",1
92,31f6a576,10_hard_pruned,0.833333333,0.473684211,0,"medium
(0.1-0.67)",1
93,32a55a14,6_easy_pruned,1,0,1,"narrow
(0-0.1)",1
94,32a581e0,10_medium_pruned,0.875,0.75,1,"wide
(0.67-3.6)",1
95,32b10037,6_easy_full,1,1.615384615,0,"wide
(0.67-3.6)",1
96,32e14a26,10_hard_full,0.5,0.75,0,"wide
(0.67-3.6)",1
97,32e2e940,10_medium_pruned,1,0,1,"narrow
(0-0.1)",1
98,32ebf2e8,6_hard_full,0.833333333,1.1,1,"wide
(0.67-3.6)",1
99,33a74451,10_medium_pruned,1,0.318181818,1,"medium
(0.1-0.67)",1
100,33b693e2,6_easy_pruned,1,0,0,"narrow
(0-0.1)",1
101,33c1b7cd,10_medium_pruned,1,0.533333333,1,"medium
(0.1-0.67)",1
102,33c5818d,6_easy_full,0.5,1,0,"wide
(0.67-3.6)",1
103,33e649bd,6_hard_pruned,0,0.6,0,"medium
(0.1-0.67)",0
104,33ebe68d,6_easy_pruned,0,0.833333333,1,"wide
(0.67-3.6)",0
105,34b12db9,10_hard_full,0.666666667,1.428571429,0,"wide
(0.67-3.6)",1
106,34b59cc7,10_medium_pruned,1,0.272727273,1,"medium
(0.1-0.67)",1
107,34c6c058,10_easy_pruned,1,0,0,"narrow
(0-0.1)",1
108,34cffc40,6_easy_full,1,0,0,"narrow
(0-0.1)",1
109,37bffc4e,10_easy_full,0.4,0.833333333,1,"wide
(0.67-3.6)",0
110,37d59204,10_hard_pruned,0.5,2.166666667,0,"wide
(0.67-3.6)",1
111,38c1ac46,10_easy_pruned,1,1,1,"wide
(0.67-3.6)",1
112,38cbc1f6,10_medium_full,1,0.388888889,0,"medium
(0.1-0.67)",1
113,38e2e9be,6_easy_pruned,1,0,0,"narrow
(0-0.1)",1
114,38e6c356,10_hard_pruned,0.833333333,0.857142857,0,"wide
(0.67-3.6)",1
115,38ebbf94,6_hard_full,0.6,0.555555556,0,"medium
(0.1-0.67)",1
116,39a23ae7,10_easy_full,0.944444444,1.88,0,"wide
(0.67-3.6)",1
117,39afd1eb,10_easy_pruned,1,0,1,"narrow
(0-0.1)",1
118,39eeed89,10_easy_pruned,1,0.285714286,0,"medium
(0.1-0.67)",1
119,3ab7160d,10_easy_pruned,0.833333333,0.736842105,1,"wide
(0.67-3.6)",1
120,3ac5170c,10_easy_full,1,0.857142857,1,"wide
(0.67-3.6)",1
121,3af4bfbb,6_hard_full,0.333333333,0.5,0,"medium
(0.1-0.67)",0
122,3bb613b2,6_hard_full,0,0.166666667,0,"medium
(0.1-0.67)",0
123,3cd60baf,6_hard_full,0,0,1,"narrow
(0-0.1)",0
124,3ce55b94,6_easy_full,1,0.583333333,0,"medium
(0.1-0.67)",1
125,3cf580c7,6_easy_pruned,0.814814815,0.692307692,0,"wide
(0.67-3.6)",1
126,3dc571a5,6_easy_pruned,0,0,1,"narrow
(0-0.1)",0
127,3dc59c17,10_easy_full,0.967741935,1.433333333,0,"wide
(0.67-3.6)",1
128,3de2a23d,10_hard_full,1,0,1,"narrow
(0-0.1)",1
129,3df11bae,6_hard_full,0.25,0.7,0,"wide
(0.67-3.6)",0
130,3dfad0f2,10_easy_full,1,0.5,0,"medium
(0.1-0.67)",1
131,3ed1161d,10_medium_pruned,1,0,0,"narrow
(0-0.1)",1
132,3fa1bb85,10_hard_pruned,1,0.25,1,"medium
(0.1-0.67)",1
133,3fcbc0ab,6_easy_full,0.4,1.545454545,1,"wide
(0.67-3.6)",0
134,40a29d8c,10_easy_pruned,1,0.125,1,"medium
(0.1-0.67)",1
135,40c6c24a,10_hard_pruned,0,0,0,"narrow
(0-0.1)",0
136,41a6aea3,10_hard_pruned,0.333333333,0.333333333,0,"medium
(0.1-0.67)",0
137,41bad9a2,10_hard_pruned,0.857142857,0.411764706,1,"medium
(0.1-0.67)",1
138,43c516b5,10_medium_pruned,1,0.6,1,"medium
(0.1-0.67)",1
139,43c60cd9,6_hard_full,0.5,0.4,1,"medium
(0.1-0.67)",1
140,43dbc360,10_easy_pruned,1,0.625,1,"medium
(0.1-0.67)",1
141,43e64821,6_hard_pruned,0.75,0.363636364,0,"medium
(0.1-0.67)",1
142,44a4fa14,6_hard_full,0.5,0,0,"narrow
(0-0.1)",1
143,44a65230,6_hard_pruned,1,0,0,"narrow
(0-0.1)",1
144,44c2eb5a,10_easy_full,0.952380952,0.75,0,"wide
(0.67-3.6)",1
145,44eedf0e,6_easy_full,0.777777778,0.75,0,"wide
(0.67-3.6)",1
146,45b146b0,10_hard_full,0.8,0.923076923,0,"wide
(0.67-3.6)",1
147,45f6b774,10_hard_pruned,1,0.666666667,0,"medium
(0.1-0.67)",1
148,46c12352,10_easy_pruned,1,0.2,1,"medium
(0.1-0.67)",1
149,47dbc824,10_easy_pruned,0.5,1.25,0,"wide
(0.67-3.6)",1
150,47f614be,6_hard_full,0.428571429,0.772727273,1,"wide
(0.67-3.6)",0
151,48c70a00,6_easy_pruned,0.833333333,1,0,"wide
(0.67-3.6)",1
152,48e6dc30,10_hard_full,1,0.5,0,"medium
(0.1-0.67)",1
153,48ec02bc,10_medium_full,1,0.611111111,0,"medium
(0.1-0.67)",1
154,49b6bf52,10_easy_pruned,1,0.4,0,"medium
(0.1-0.67)",1
155,49e6113d,6_hard_full,0,0.111111111,0,"medium
(0.1-0.67)",0
156,4ac58df4,10_hard_pruned,0.7,0.695652174,0,"wide
(0.67-3.6)",1
157,4af5df5d,6_hard_full,0.666666667,0,0,"narrow
(0-0.1)",1
158,4bb243a6,10_hard_full,0.285714286,1.875,0,"wide
(0.67-3.6)",0
159,4bca7fc9,6_hard_pruned,1,0,0,"narrow
(0-0.1)",1
160,4bfffc8c,10_hard_pruned,1,2,0,"wide
(0.67-3.6)",1
161,4ca65156,6_hard_pruned,0.7,1,0,"wide
(0.67-3.6)",1
162,4cb651bd,6_hard_pruned,0.666666667,0,0,"narrow
(0-0.1)",1
163,4cb73467,10_medium_full,1,0.136363636,0,"medium
(0.1-0.67)",1
164,4cf589a5,10_hard_pruned,0.875,0.586206897,1,"medium
(0.1-0.67)",1
165,4cffe209,10_medium_full,1,0.384615385,0,"medium
(0.1-0.67)",1
166,4dc50d03,6_easy_pruned,1,3,0,"wide
(0.67-3.6)",1
167,4de431b1,6_easy_full,0.916666667,0.888888889,0,"wide
(0.67-3.6)",1
168,4de4f27d,10_medium_full,1,0.466666667,0,"medium
(0.1-0.67)",1
169,4de6cf95,10_hard_full,1,0,0,"narrow
(0-0.1)",1
170,4ecfea32,10_easy_pruned,1,1.227272727,0,"wide
(0.67-3.6)",1
171,4ed4c1d3,6_hard_full,0.666666667,0.111111111,1,"medium
(0.1-0.67)",1
172,4ed4e40b,6_hard_pruned,0.75,0,1,"narrow
(0-0.1)",1
173,4ed755f1,6_easy_full,1,0,0,"narrow
(0-0.1)",1
174,4ee64c2a,6_hard_pruned,0.818181818,0.6,0,"medium
(0.1-0.67)",1
175,4fa58511,10_medium_pruned,1,0.642857143,1,"medium
(0.1-0.67)",1
176,4fb692a0,10_easy_pruned,1,0,0,"narrow
(0-0.1)",1
177,50d2ea0b,10_easy_full,1,0.2,0,"medium
(0.1-0.67)",1
178,50f6b001,10_hard_pruned,0.875,1.583333333,0,"wide
(0.67-3.6)",1
179,51a4e32d,6_hard_pruned,0.666666667,0.764705882,0,"wide
(0.67-3.6)",1
180,53a654e5,6_hard_pruned,0.666666667,1.166666667,0,"wide
(0.67-3.6)",1
181,53c4c041,6_hard_full,0.2,0.75,0,"wide
(0.67-3.6)",0
182,53d65632,6_hard_pruned,0.666666667,0.333333333,0,"medium
(0.1-0.67)",1
183,53e6ac01,10_easy_pruned,1,0.428571429,0,"medium
(0.1-0.67)",1
184,54d4fd9d,10_medium_full,1,0.272727273,0,"medium
(0.1-0.67)",1
185,54f4bf95,6_hard_full,0,0,1,"narrow
(0-0.1)",0
186,55a709fd,6_easy_pruned,0.5,1.25,0,"wide
(0.67-3.6)",1
187,55c68fc5,10_easy_full,1,0.5,0,"medium
(0.1-0.67)",1
188,55e1abb3,10_easy_full,0.625,1.269230769,1,"wide
(0.67-3.6)",1
189,55f5fe54,6_hard_full,1,1.75,0,"wide
(0.67-3.6)",1
190,56b584cf,10_hard_pruned,1,0.6,1,"medium
(0.1-0.67)",1
191,56e6f5d2,10_easy_full,0.5,1,0,"wide
(0.67-3.6)",1
192,57aedfe7,10_hard_full,0.5,0,0,"narrow
(0-0.1)",1
193,57f14696,10_easy_full,0.538461538,1.846153846,0,"wide
(0.67-3.6)",1
194,58d72aaf,10_easy_full,0.857142857,1.222222222,0,"wide
(0.67-3.6)",1
195,58e1a94c,10_easy_pruned,1,0,1,"narrow
(0-0.1)",1
196,58e72ee8,6_easy_pruned,1,0,1,"narrow
(0-0.1)",1
197,59d4e268,6_hard_pruned,0.72,0.592592593,0,"medium
(0.1-0.67)",1
198,59d51c4c,6_easy_full,0.666666667,2,0,"wide
(0.67-3.6)",1
199,59e1b4a9,10_easy_full,0.7,1.826086957,0,"wide
(0.67-3.6)",1
200,59f235f8,10_easy_pruned,1,0,1,"narrow
(0-0.1)",1
201,5aa6aa9a,10_easy_pruned,1,0.285714286,0,"medium
(0.1-0.67)",1
202,5adff9a5,6_hard_pruned,0.5,0,0,"narrow
(0-0.1)",1
203,5aebf3c2,10_easy_pruned,0.833333333,0.125,0,"medium
(0.1-0.67)",1
204,5cd6bb63,10_easy_full,0.583333333,1.631578947,0,"wide
(0.67-3.6)",1
205,5dbfe29c,6_hard_pruned,0,0.6,0,"medium
(0.1-0.67)",0
206,5de11557,6_easy_full,0.7,0.375,1,"medium
(0.1-0.67)",1
207,5eb14b17,10_medium_full,1,0.454545455,0,"medium
(0.1-0.67)",1
208,5edbbf73,6_hard_full,0.25,0.75,0,"wide
(0.67-3.6)",0
209,5ee23430,6_easy_pruned,1,0.916666667,1,"wide
(0.67-3.6)",1
210,5efbf191,10_medium_pruned,0.75,0,1,"narrow
(0-0.1)",1
211,5fa1b8b9,10_easy_full,0.5,0.333333333,0,"medium
(0.1-0.67)",1
212,5fa651bb,6_hard_pruned,0.444444444,0.4,0,"medium
(0.1-0.67)",0
213,60e6bcce,10_easy_pruned,1,0.909090909,0,"wide
(0.67-3.6)",1
214,61c6d297,10_medium_pruned,1,0.333333333,0,"medium
(0.1-0.67)",1
215,61e65cc1,6_hard_pruned,0.666666667,0.4,0,"medium
(0.1-0.67)",1
216,62e2950a,6_easy_pruned,1,2,1,"wide
(0.67-3.6)",1
217,62e6aa66,10_hard_pruned,0.833333333,0.6,0,"medium
(0.1-0.67)",1
218,63c4bfcb,6_hard_full,0.666666667,0.25,0,"medium
(0.1-0.67)",1
219,64f61543,6_hard_full,1,0,0,"narrow
(0-0.1)",1
220,65afea1f,6_hard_pruned,1,0,0,"narrow
(0-0.1)",1
221,65d16666,10_easy_full,1,0.25,1,"medium
(0.1-0.67)",1
222,65f4e348,6_hard_pruned,0.625,0.166666667,0,"medium
(0.1-0.67)",1
223,66aee800,10_easy_full,1,0.5,0,"medium
(0.1-0.67)",1
224,66b442b7,10_easy_full,1,0.555555556,0,"medium
(0.1-0.67)",1
225,66eee342,10_easy_pruned,0.454545455,1.486486486,1,"wide
(0.67-3.6)",0
226,66f5647d,6_easy_full,1,1,0,"wide
(0.67-3.6)",1
227,67abc3ab,6_easy_pruned,0.583333333,1.466666667,1,"wide
(0.67-3.6)",1
228,67abf219,6_easy_pruned,1,0.166666667,0,"medium
(0.1-0.67)",1
229,67e6ce01,10_hard_full,0.590909091,0.970588235,0,"wide
(0.67-3.6)",1
230,67eac875,6_hard_full,0.705882353,0.4375,0,"medium
(0.1-0.67)",1
231,67f4ea8a,6_hard_pruned,0.75,0,0,"narrow
(0-0.1)",1
232,67f64a50,6_hard_pruned,0.833333333,0,0,"narrow
(0-0.1)",1
233,67f69d24,10_easy_full,1,0.25,0,"medium
(0.1-0.67)",1
234,67f6aca8,10_easy_pruned,1,0,0,"narrow
(0-0.1)",1
235,68a1b7d8,10_hard_full,0.833333333,1.454545455,0,"wide
(0.67-3.6)",1
236,68c659b8,6_hard_pruned,0.846153846,0.409090909,1,"medium
(0.1-0.67)",1
237,68d5e249,6_hard_full,0.5,0.625,0,"medium
(0.1-0.67)",1
238,68e158de,6_easy_full,1,0.285714286,0,"medium
(0.1-0.67)",1
239,68e1bb60,10_easy_pruned,1,1,0,"wide
(0.67-3.6)",1
240,69bad0fe,6_hard_full,0.294117647,1.347826087,0,"wide
(0.67-3.6)",0
241,69f239f6,6_easy_pruned,0.6,1.285714286,0,"wide
(0.67-3.6)",1
242,6ac7311a,10_easy_full,0.777777778,1.130434783,0,"wide
(0.67-3.6)",1
243,6ad1c45d,10_easy_full,1,0.857142857,0,"wide
(0.67-3.6)",1
244,6af6ce2f,10_medium_pruned,0.666666667,0,0,"narrow
(0-0.1)",1
245,6bb4e746,6_hard_pruned,0.5,1.333333333,0,"wide
(0.67-3.6)",1
246,6bca8117,6_easy_full,1,1.285714286,0,"wide
(0.67-3.6)",1
247,6bf51f66,6_hard_full,0.6,0,0,"narrow
(0-0.1)",1
248,6cbbcdf7,6_easy_pruned,1,0.5,0,"medium
(0.1-0.67)",1
249,6cc4f8b6,10_easy_full,0.846153846,0.866666667,0,"wide
(0.67-3.6)",1
250,6cd50fc7,10_easy_full,0.9,1.071428571,1,"wide
(0.67-3.6)",1
251,6dd103e2,6_hard_pruned,1,0.6,0,"medium
(0.1-0.67)",1
252,6de4e267,6_hard_pruned,0.8,0.625,0,"medium
(0.1-0.67)",1
253,6df29cec,10_easy_pruned,0.25,0.5,1,"medium
(0.1-0.67)",0
254,6dfbeafe,10_easy_full,1,1,0,"wide
(0.67-3.6)",1
255,6ee61190,6_hard_full,0.615384615,1.166666667,0,"wide
(0.67-3.6)",1
256,6fc70a09,6_easy_pruned,1,0,1,"narrow
(0-0.1)",1
257,70bffd4d,10_easy_full,0.230769231,1.791666667,0,"wide
(0.67-3.6)",0
258,70da8cfb,6_hard_full,0.555555556,0.181818182,1,"medium
(0.1-0.67)",1
259,71a6e4eb,10_medium_pruned,1,0,0,"narrow
(0-0.1)",1
260,71beed42,6_easy_pruned,1,0.333333333,1,"medium
(0.1-0.67)",1
261,71c6b3a3,10_hard_pruned,1,0.2,1,"medium
(0.1-0.67)",1
262,72c1b0e6,10_hard_full,0.526315789,1,1,"wide
(0.67-3.6)",1
263,72caeffe,10_easy_full,1,1.68,0,"wide
(0.67-3.6)",1
264,72d587f7,10_hard_full,1,0,0,"narrow
(0-0.1)",1
265,72f4c145,6_hard_full,0.666666667,0.5,0,"medium
(0.1-0.67)",1
266,72f6b345,10_hard_pruned,1,0.333333333,0,"medium
(0.1-0.67)",1
267,74b60b9f,6_hard_full,1,2,0,"wide
(0.67-3.6)",1
268,75bbec9c,10_easy_full,1,1,0,"wide
(0.67-3.6)",1
269,75ffd9e8,10_hard_full,1,0.833333333,0,"wide
(0.67-3.6)",1
271,76abf978,10_medium_full,1,0.6,0,"medium
(0.1-0.67)",1
272,76bfdf0b,10_easy_pruned,0.8125,0.384615385,0,"medium
(0.1-0.67)",1
273,76e60f84,6_hard_full,0.333333333,0.166666667,0,"medium
(0.1-0.67)",0
274,76f6a1e9,10_medium_pruned,1,0.105263158,1,"medium
(0.1-0.67)",1
275,77ba7edc,10_hard_pruned,1,0.75,0,"wide
(0.67-3.6)",1
276,77c580bf,6_easy_full,1,0.5,0,"medium
(0.1-0.67)",1
277,77d58870,10_medium_pruned,1,1.045454545,1,"wide
(0.67-3.6)",1
278,78f29cf9,10_hard_pruned,0.818181818,1.375,1,"wide
(0.67-3.6)",1
279,79c1b235,10_easy_pruned,1,0.666666667,0,"medium
(0.1-0.67)",1
280,7acbc3e2,6_easy_pruned,1,0,1,"narrow
(0-0.1)",1
281,7af24207,6_easy_full,0.605263158,1.083333333,0,"wide
(0.67-3.6)",1
282,7bd154b6,10_medium_pruned,1,0.333333333,0,"medium
(0.1-0.67)",1
283,7bf4bf38,6_hard_full,0.5,0.727272727,0,"wide
(0.67-3.6)",1
284,7ca15050,10_easy_full,1,1.5,0,"wide
(0.67-3.6)",1
285,7cc119e0,6_easy_pruned,1,0,1,"narrow
(0-0.1)",1
286,7ce58b1e,10_medium_pruned,0.9375,0.730769231,0,"wide
(0.67-3.6)",1
287,7cf6845b,10_hard_full,0.636363636,0.6,0,"medium
(0.1-0.67)",1
288,7da4f147,6_hard_pruned,1,1,0,"wide
(0.67-3.6)",1
289,7db4f1d2,6_easy_pruned,1,0,1,"narrow
(0-0.1)",1
290,7dd704e0,6_hard_pruned,0.5,0.551724138,1,"medium
(0.1-0.67)",1
291,7dea8d37,10_hard_pruned,0.785714286,0.866666667,0,"wide
(0.67-3.6)",1
292,7df4e828,6_hard_pruned,0.818181818,0.8,0,"wide
(0.67-3.6)",1
293,7ef11f8d,10_hard_pruned,0.888888889,0.5,0,"medium
(0.1-0.67)",1
294,80a2f7f4,6_easy_pruned,1,0,0,"narrow
(0-0.1)",1
295,80e591d4,10_hard_pruned,1,0.333333333,1,"medium
(0.1-0.67)",1
296,81a10227,10_medium_full,1,0.090909091,0,"narrow
(0-0.1)",1
297,81a6c621,10_medium_full,1,1.166666667,0,"wide
(0.67-3.6)",1
298,82a4e284,6_hard_pruned,0.6875,0.133333333,0,"medium
(0.1-0.67)",1
299,82e14880,10_medium_full,1,1.3,0,"wide
(0.67-3.6)",1
300,83a2ebd3,6_easy_full,0.555555556,1.888888889,0,"wide
(0.67-3.6)",1
301,83aeef63,10_easy_pruned,1,0.833333333,1,"wide
(0.67-3.6)",1
302,83b2c2e2,10_easy_pruned,1,0.6,1,"medium
(0.1-0.67)",1
303,83b6b30c,10_easy_pruned,0.916666667,0.5,0,"medium
(0.1-0.67)",1
304,83c64bf9,6_hard_pruned,1,0,0,"narrow
(0-0.1)",1
305,84dbf4f9,10_hard_full,1,0.6,1,"medium
(0.1-0.67)",1
306,84f4e263,6_hard_pruned,1,0.75,0,"wide
(0.67-3.6)",1
307,85b4e5c4,6_hard_pruned,1,1,1,"wide
(0.67-3.6)",1
308,86a5c03e,10_hard_full,1,3,0,"wide
(0.67-3.6)",1
309,86f6e2cb,6_easy_full,0.666666667,0.615384615,0,"medium
(0.1-0.67)",1
310,87b50908,6_hard_full,0.375,0.555555556,0,"medium
(0.1-0.67)",0
311,87f4bf56,6_hard_full,0.75,0.5,0,"medium
(0.1-0.67)",1
312,87f610ee,6_hard_full,1,0.333333333,0,"medium
(0.1-0.67)",1
313,89cbc391,10_easy_full,0.611111111,1.301886792,0,"wide
(0.67-3.6)",1
314,89cbfdf9,10_easy_pruned,1,0.75,1,"wide
(0.67-3.6)",1
315,89d60ba4,6_hard_full,0.636363636,0.380952381,0,"medium
(0.1-0.67)",1
316,8aa6d830,10_hard_pruned,0.714285714,0.173913043,1,"medium
(0.1-0.67)",1
317,8ac4c37c,6_hard_full,0.333333333,0.333333333,0,"medium
(0.1-0.67)",0
318,8af4330d,10_hard_full,0.5,1.363636364,0,"wide
(0.67-3.6)",1
319,8bc22e79,10_easy_full,1,1.294117647,1,"wide
(0.67-3.6)",1
320,8bc69c49,10_hard_full,0.555555556,1.045454545,0,"wide
(0.67-3.6)",1
321,8bd700c4,10_medium_pruned,0.75,0.2,0,"medium
(0.1-0.67)",1
322,8cc432fc,10_medium_full,1,0.25,0,"medium
(0.1-0.67)",1
323,8cc55abe,6_easy_full,1,0,0,"narrow
(0-0.1)",1
324,8cd2e9f3,6_easy_full,0.714285714,0.75,0,"wide
(0.67-3.6)",1
325,8defd34b,10_easy_pruned,0.454545455,1.083333333,0,"wide
(0.67-3.6)",0
326,8df4f6e8,6_easy_full,0.5,0.1,1,"narrow
(0-0.1)",1
327,8ea4bf56,6_hard_full,0,1,0,"wide
(0.67-3.6)",0
328,8ea50714,10_hard_pruned,0.5,0.882352941,0,"wide
(0.67-3.6)",1
329,8eb1ba3b,10_easy_pruned,1,1.071428571,0,"wide
(0.67-3.6)",1
330,8fc76287,6_hard_full,0.285714286,0.47826087,1,"medium
(0.1-0.67)",0
331,8fcbec83,6_hard_full,0.5,1,0,"wide
(0.67-3.6)",1
332,8ff6ab84,10_easy_pruned,1,0,0,"narrow
(0-0.1)",1
333,90c60de8,6_hard_full,0.25,2.066666667,0,"wide
(0.67-3.6)",0
334,90e4327c,10_hard_full,0.5,0,0,"narrow
(0-0.1)",1
335,91a61ead,6_hard_full,1,0,0,"narrow
(0-0.1)",1
336,91cfd7fb,6_hard_full,0,0.944444444,1,"wide
(0.67-3.6)",0
337,91f586cc,6_easy_full,0.7,1.714285714,0,"wide
(0.67-3.6)",1
338,92a70054,10_easy_full,0.538461538,0.545454545,0,"medium
(0.1-0.67)",1
339,92a74a76,6_hard_pruned,1,0.285714286,0,"medium
(0.1-0.67)",1
340,92b722f3,6_hard_full,0.666666667,0.769230769,0,"wide
(0.67-3.6)",1
341,92d4349b,10_easy_full,1,1.166666667,0,"wide
(0.67-3.6)",1
342,92f58f05,10_medium_full,1,0.1,0,"narrow
(0-0.1)",1
343,92f69945,10_easy_pruned,1,0.5,1,"medium
(0.1-0.67)",1
344,93a45177,10_medium_pruned,1,0.571428571,1,"medium
(0.1-0.67)",1
345,93c55a1b,6_easy_pruned,0.5,1.2,1,"wide
(0.67-3.6)",1
346,93c70cc1,10_medium_full,1,0.375,1,"medium
(0.1-0.67)",1
347,93ebead7,10_medium_pruned,1,1,1,"wide
(0.67-3.6)",1
348,94a4f5d4,10_medium_pruned,0,0.333333333,1,"medium
(0.1-0.67)",0
349,94d6ef33,6_hard_full,0.4,0.642857143,0,"medium
(0.1-0.67)",0
350,94e4c554,6_hard_full,0.636363636,0.833333333,1,"wide
(0.67-3.6)",1
351,96afd320,6_easy_pruned,0.333333333,0.5,1,"medium
(0.1-0.67)",0
352,97d44ac8,10_easy_full,0,1.375,1,"wide
(0.67-3.6)",0
353,98c10b8a,10_hard_pruned,1,0.833333333,0,"wide
(0.67-3.6)",1
354,98c4bf54,6_hard_full,0.75,0.333333333,0,"medium
(0.1-0.67)",1
355,98c56b80,6_easy_full,0,3,0,"wide
(0.67-3.6)",0
356,98d105c1,10_hard_full,0,0.2,1,"medium
(0.1-0.67)",0
357,98e146a8,10_hard_full,0.6,1.555555556,0,"wide
(0.67-3.6)",1
358,98e1bc02,10_medium_pruned,0.666666667,0.75,0,"wide
(0.67-3.6)",1
359,98ef1a30,10_medium_full,0,1.333333333,0,"wide
(0.67-3.6)",0
360,99a55a43,6_easy_full,1,0,0,"narrow
(0-0.1)",1
361,99b44e42,10_easy_pruned,0,1.9,0,"wide
(0.67-3.6)",0
362,99b587e6,10_hard_pruned,1,0,1,"narrow
(0-0.1)",1
363,99f6aaf6,10_easy_pruned,1,0.5,0,"medium
(0.1-0.67)",1
364,9adbc2df,6_hard_full,0.2,1.5,0,"wide
(0.67-3.6)",0
365,9ae6cdf8,10_hard_full,0.733333333,0.958333333,0,"wide
(0.67-3.6)",1
366,9be4eb1b,6_hard_pruned,1,1,0,"wide
(0.67-3.6)",1
367,9be580e5,10_hard_pruned,1,0.857142857,1,"wide
(0.67-3.6)",1
368,9befd8ad,10_hard_full,0.333333333,2,0,"wide
(0.67-3.6)",0
369,9cf22841,6_easy_pruned,1,0,1,"narrow
(0-0.1)",1
370,9da51cdd,10_medium_pruned,1,0.277777778,1,"medium
(0.1-0.67)",1
371,9da55acf,6_easy_full,1,0.238095238,1,"medium
(0.1-0.67)",1
372,9dc50a3d,6_hard_full,0.695652174,0.84,0,"wide
(0.67-3.6)",1
373,9dd11e8e,10_medium_pruned,1,0.181818182,0,"medium
(0.1-0.67)",1
374,9dd66bae,6_hard_pruned,0.8,0.2,0,"medium
(0.1-0.67)",1
375,9de17b3b,10_medium_full,1,0.363636364,0,"medium
(0.1-0.67)",1
376,9defd82d,6_easy_full,0.166666667,1.666666667,0,"wide
(0.67-3.6)",0
377,9df449da,10_hard_pruned,0.833333333,0.666666667,0,"medium
(0.1-0.67)",1
378,9df60bf8,6_hard_full,1,0,0,"narrow
(0-0.1)",1
379,9ef6ace9,10_easy_pruned,0.666666667,2.4,0,"wide
(0.67-3.6)",1
380,9fa593df,10_easy_pruned,0.666666667,1.333333333,0,"wide
(0.67-3.6)",1
381,9fe6c937,10_easy_pruned,0.714285714,1.076923077,1,"wide
(0.67-3.6)",1
382,a0a14678,10_hard_pruned,0,0.272727273,0,"medium
(0.1-0.67)",0
383,a0a4f4ea,10_medium_full,0.5,1.111111111,0,"wide
(0.67-3.6)",1
384,a0d659c9,6_hard_pruned,0.25,0.714285714,0,"wide
(0.67-3.6)",0
385,a0d6aab7,10_hard_pruned,1,1,0,"wide
(0.67-3.6)",1
386,a0f4f1bf,6_hard_pruned,0.8,0.647058824,0,"medium
(0.1-0.67)",1
387,a2d1c30b,10_easy_full,1,1,0,"wide
(0.67-3.6)",1
388,a2d68973,10_easy_full,1,1,0,"wide
(0.67-3.6)",1
389,a2e1a84e,10_medium_pruned,1,0.333333333,1,"medium
(0.1-0.67)",1
390,a2ebe618,6_hard_pruned,0.5,0,0,"narrow
(0-0.1)",1
391,a3a2ec55,10_easy_full,1,1.833333333,1,"wide
(0.67-3.6)",1
392,a3b4e28e,6_hard_pruned,0.5,0,0,"narrow
(0-0.1)",1
393,a3d4c3b2,6_hard_full,0.714285714,0.777777778,1,"wide
(0.67-3.6)",1
394,a3d5dfda,6_hard_full,0.454545455,0.230769231,0,"medium
(0.1-0.67)",0
395,a3eacaa9,10_hard_full,0.571428571,0,0,"narrow
(0-0.1)",1
396,a4c60d7a,6_hard_full,1,0.75,0,"wide
(0.67-3.6)",1
397,a4f74985,10_hard_full,0.818181818,1.333333333,0,"wide
(0.67-3.6)",1
398,a5d2fa66,10_hard_pruned,1,0,1,"narrow
(0-0.1)",1
399,a5e116c5,10_medium_full,0,0,0,"narrow
(0-0.1)",0
400,a6bff327,6_easy_full,1,0.428571429,0,"medium
(0.1-0.67)",1
401,a6d2eaff,10_hard_full,0.666666667,0.636363636,0,"medium
(0.1-0.67)",1
402,a6f610e1,6_hard_full,0.3,0.166666667,0,"medium
(0.1-0.67)",0
403,a7b181fa,6_easy_pruned,0,0,0,"narrow
(0-0.1)",0
404,a7b511d6,10_medium_full,0.666666667,0.315789474,0,"medium
(0.1-0.67)",1
405,a7bfd4fc,10_easy_pruned,1,0.8,0,"wide
(0.67-3.6)",1
406,a7f55a0a,6_easy_full,0.666666667,0.111111111,1,"medium
(0.1-0.67)",1
407,a8b44557,10_medium_full,1,0.6,0,"medium
(0.1-0.67)",1
408,a9d5979e,6_easy_full,1,0.833333333,0,"wide
(0.67-3.6)",1
409,a9e56013,6_easy_pruned,0.833333333,0,0,"narrow
(0-0.1)",1
410,aafbd6ab,6_hard_pruned,1,0.5,0,"medium
(0.1-0.67)",1
411,abd12ee2,10_medium_pruned,1,0.666666667,1,"medium
(0.1-0.67)",1
412,abdacc98,10_easy_full,0.571428571,1.333333333,0,"wide
(0.67-3.6)",1
413,abe2aaa5,10_medium_pruned,1,0.333333333,0,"medium
(0.1-0.67)",1
414,abf59f0c,6_easy_full,1,0,0,"narrow
(0-0.1)",1
415,aca229a6,10_easy_full,0.848484848,0.5,0,"medium
(0.1-0.67)",1
416,acc6e9d4,10_easy_full,1,0.923076923,1,"wide
(0.67-3.6)",1
417,acd61c3d,6_hard_full,0.666666667,1.5,0,"wide
(0.67-3.6)",1
418,acdac85f,10_hard_pruned,0.933333333,0.772727273,0,"wide
(0.67-3.6)",1
419,aceaccbc,10_hard_full,0.125,1.1,0,"wide
(0.67-3.6)",0
420,ada4c06f,6_hard_full,0.592592593,0.821428571,0,"wide
(0.67-3.6)",1
421,adc2f895,10_hard_full,0.4,0.818181818,1,"wide
(0.67-3.6)",0
422,add50f98,10_hard_full,0.555555556,0.428571429,0,"medium
(0.1-0.67)",1
424,aed647d3,6_hard_pruned,1,0.666666667,0,"medium
(0.1-0.67)",1
425,aefbe715,10_easy_full,0.928571429,2.769230769,0,"wide
(0.67-3.6)",1
426,afe6c7c5,10_hard_pruned,0.5,0.571428571,0,"medium
(0.1-0.67)",1
427,b0c6f3a8,10_medium_pruned,1,0.75,0,"wide
(0.67-3.6)",1
428,b0d518a1,6_hard_full,0.6,0.882352941,0,"wide
(0.67-3.6)",1
429,b0e1157c,6_hard_pruned,0,0.6,0,"medium
(0.1-0.67)",0
430,b0f2b4eb,10_hard_full,0.888888889,1.125,0,"wide
(0.67-3.6)",1
431,b0f44295,10_easy_pruned,1,0.666666667,0,"medium
(0.1-0.67)",1
432,b2b4e2c1,6_hard_pruned,0.88,0.75,0,"wide
(0.67-3.6)",1
433,b2d44cf9,10_medium_pruned,1,0,0,"narrow
(0-0.1)",1
434,b2d60bc9,6_hard_full,0.28125,0.75,0,"wide
(0.67-3.6)",0
435,b2e29cb8,10_hard_pruned,1,0.625,0,"medium
(0.1-0.67)",1
436,b2e4e98a,6_hard_pruned,1,0,0,"narrow
(0-0.1)",1
437,b2f58fbd,10_hard_full,1,1.222222222,0,"wide
(0.67-3.6)",1
438,b3b1b79a,10_hard_pruned,1,0.666666667,0,"medium
(0.1-0.67)",1
439,b3e4f78d,6_easy_full,0.5,0,0,"narrow
(0-0.1)",1
440,b4a4f22a,10_easy_full,0.142857143,1.5,0,"wide
(0.67-3.6)",0
441,b5a6dc1f,10_easy_pruned,1,0.625,0,"medium
(0.1-0.67)",1
442,b5b1466a,6_easy_full,1,0,0,"narrow
(0-0.1)",1
443,b5b6dcbc,10_hard_full,0.75,1.333333333,0,"wide
(0.67-3.6)",1
444,b5c6aa47,10_easy_pruned,1,0,0,"narrow
(0-0.1)",1
445,b5eefb3b,10_easy_full,1,0,0,"narrow
(0-0.1)",1
446,b6b25181,10_easy_full,1,0.4,0,"medium
(0.1-0.67)",1
447,b7a4fe27,6_hard_full,1,0.75,0,"wide
(0.67-3.6)",1
448,b7d2ed28,6_easy_pruned,1,0,1,"narrow
(0-0.1)",1
449,b7e6b167,10_easy_pruned,1,0.444444444,1,"medium
(0.1-0.67)",1
450,b7eae04f,6_easy_full,0.5,3,0,"wide
(0.67-3.6)",1
451,b8a4fbaa,10_easy_full,1,0.2,0,"medium
(0.1-0.67)",1
452,b8bac8b7,10_hard_pruned,1,1.222222222,0,"wide
(0.67-3.6)",1
453,b8e4bf48,6_hard_full,1,0,0,"narrow
(0-0.1)",1
454,b8f4e433,6_hard_pruned,0.333333333,0,0,"narrow
(0-0.1)",0
455,b9bbc96c,10_medium_full,1,0.166666667,0,"medium
(0.1-0.67)",1
456,b9c59db1,10_medium_full,1,1,0,"wide
(0.67-3.6)",1
457,b9e10f8b,10_easy_pruned,0,1.428571429,1,"wide
(0.67-3.6)",0
458,b9e512db,6_hard_pruned,1,0.625,0,"medium
(0.1-0.67)",1
459,bac25238,10_hard_full,0.833333333,0.1,1,"narrow
(0-0.1)",1
460,bad4f1b5,6_hard_pruned,0.8125,0.333333333,0,"medium
(0.1-0.67)",1
461,bad589c5,6_easy_pruned,1,0,1,"narrow
(0-0.1)",1
462,bae297ee,10_easy_full,0.5,0,0,"narrow
(0-0.1)",1
463,bae4ffc0,6_hard_pruned,1,0.142857143,0,"medium
(0.1-0.67)",1
464,bae515f2,6_hard_full,0,0.2,0,"medium
(0.1-0.67)",0
465,bae5726e,6_easy_full,1,0.333333333,1,"medium
(0.1-0.67)",1
466,bbc23545,6_easy_full,0.75,0.2,0,"medium
(0.1-0.67)",1
467,bbc6b8cf,10_easy_pruned,1,1.590909091,0,"wide
(0.67-3.6)",1
468,bcdfd2df,6_hard_full,0.631578947,0.444444444,0,"medium
(0.1-0.67)",1
469,bcf290e5,10_medium_pruned,1,1.181818182,0,"wide
(0.67-3.6)",1
470,bcf51783,10_hard_pruned,1,0,0,"narrow
(0-0.1)",1
471,bda28d31,10_medium_pruned,0.857142857,1.176470588,1,"wide
(0.67-3.6)",1
472,bdb28da4,6_easy_full,0.9,2,0,"wide
(0.67-3.6)",1
473,bdf4e34a,6_hard_pruned,1,0.642857143,0,"medium
(0.1-0.67)",1
474,bea55a9c,6_easy_pruned,0.857142857,0.5,0,"medium
(0.1-0.67)",1
475,bea5941a,6_easy_full,1,0,1,"narrow
(0-0.1)",1
476,bed50a1d,6_hard_full,0,0,1,"narrow
(0-0.1)",0
477,bfa60c8b,6_hard_full,0.666666667,0,1,"narrow
(0-0.1)",1
478,bfa6b911,10_easy_pruned,1,0.730769231,1,"wide
(0.67-3.6)",1
479,bfe4c87d,6_hard_full,0.5,1,0,"wide
(0.67-3.6)",1
480,bff4e70e,6_hard_pruned,0,0,0,"narrow
(0-0.1)",0
481,c0dfd341,10_easy_full,1,0.333333333,1,"medium
(0.1-0.67)",1
482,c0f60e45,6_hard_full,0,1.2,0,"wide
(0.67-3.6)",0
483,c1f29bae,6_easy_pruned,1,0.125,1,"medium
(0.1-0.67)",1
484,c3d6d0e6,10_hard_full,0.625,1.8,0,"wide
(0.67-3.6)",1
485,c3dfd812,10_easy_pruned,0.863636364,0.619047619,1,"medium
(0.1-0.67)",1
486,c4c6bed8,10_easy_pruned,1,0.571428571,0,"medium
(0.1-0.67)",1
487,c4d6cb2d,10_hard_pruned,0.5,0,0,"narrow
(0-0.1)",1
488,c4f2ef6f,10_easy_pruned,0.5,0,0,"narrow
(0-0.1)",1
489,c5d58198,10_medium_full,0.75,0.272727273,0,"medium
(0.1-0.67)",1
490,c6a15708,10_easy_pruned,0.7,0.384615385,0,"medium
(0.1-0.67)",1
491,c6aad6d0,10_easy_full,1,0.642857143,1,"medium
(0.1-0.67)",1
492,c6b4c141,6_hard_full,1,0.833333333,0,"wide
(0.67-3.6)",1
493,c6b60d63,6_hard_full,0.545454545,1.4,0,"wide
(0.67-3.6)",1
494,c6c100be,10_medium_full,1,0.518518519,0,"medium
(0.1-0.67)",1
495,c7a61295,6_hard_full,0.25,1,0,"wide
(0.67-3.6)",0
496,c7a67aab,6_hard_full,0.578947368,0.333333333,0,"medium
(0.1-0.67)",1
497,c7c4e29b,6_hard_pruned,1,0,0,"narrow
(0-0.1)",1
498,c7c6f18d,10_easy_pruned,1,0,1,"narrow
(0-0.1)",1
499,c7eefab1,10_easy_full,1,0.75,0,"wide
(0.67-3.6)",1
500,c7fffe38,6_hard_pruned,1,0.4,0,"medium
(0.1-0.67)",1
501,c8a4fa50,6_hard_full,0.533333333,1.176470588,0,"wide
(0.67-3.6)",1
502,c8afed22,6_easy_pruned,1,1.285714286,0,"wide
(0.67-3.6)",1
503,c8b32c21,10_easy_full,1,0.555555556,1,"medium
(0.1-0.67)",1
504,c8c4f85a,10_easy_full,1,0.857142857,1,"wide
(0.67-3.6)",1
505,c8f4c13d,6_hard_full,0.333333333,1,0,"wide
(0.67-3.6)",0
506,c9f64da2,6_hard_pruned,0.75,0.5,0,"medium
(0.1-0.67)",1
507,cccfd3ac,10_easy_full,1,0.833333333,0,"wide
(0.67-3.6)",1
508,cce7504c,10_hard_pruned,0.862068966,0.857142857,0,"wide
(0.67-3.6)",1
509,cceac8ca,6_hard_full,0.75,0.5,0,"medium
(0.1-0.67)",1
510,cdc50047,10_easy_pruned,1,0.307692308,1,"medium
(0.1-0.67)",1
511,cdc514e1,10_hard_pruned,0.857142857,0.8,0,"wide
(0.67-3.6)",1
512,cdc57c79,6_easy_pruned,0.842105263,1.125,1,"wide
(0.67-3.6)",1
513,cdd55d42,6_easy_pruned,0.8,0.222222222,0,"medium
(0.1-0.67)",1
514,ceb50693,6_hard_pruned,0.875,0.6,0,"medium
(0.1-0.67)",1
515,cee4bfa4,6_hard_full,0.857142857,0.5,0,"medium
(0.1-0.67)",1
516,cfc29495,10_hard_full,0.666666667,1.266666667,0,"wide
(0.67-3.6)",1
517,cfc46a6f,10_easy_pruned,1,0.1875,0,"medium
(0.1-0.67)",1
518,cfc5dcb3,6_hard_full,0.833333333,0.5,0,"medium
(0.1-0.67)",1
519,cfd6ff5a,6_easy_full,1,1.083333333,0,"wide
(0.67-3.6)",1
520,cff10c9a,10_easy_full,1,0,1,"narrow
(0-0.1)",1
521,d0e4332c,10_medium_full,0.8,0.473684211,0,"medium
(0.1-0.67)",1
522,d0e6841e,10_easy_full,0.6875,2.192307692,1,"wide
(0.67-3.6)",1
523,d0f687f1,10_medium_pruned,1,0.692307692,0,"wide
(0.67-3.6)",1
524,d1a42fc7,10_hard_full,0.714285714,2,0,"wide
(0.67-3.6)",1
525,d1cac84b,10_hard_pruned,1,0.9,0,"wide
(0.67-3.6)",1
526,d1e15779,10_easy_pruned,1,0,1,"narrow
(0-0.1)",1
527,d2ac158a,10_hard_full,1,0,1,"narrow
(0-0.1)",1
528,d2b6cfbb,10_medium_full,1,0.5,0,"medium
(0.1-0.67)",1
529,d2d73ea5,6_easy_pruned,1,1,0,"wide
(0.67-3.6)",1
530,d2f65bb5,6_hard_pruned,0.5,0,0,"narrow
(0-0.1)",1
531,d3b525de,6_easy_full,0.75,2.428571429,0,"wide
(0.67-3.6)",1
532,d3c580d5,10_easy_full,1,0.3,1,"medium
(0.1-0.67)",1
533,d4a2a5ec,6_easy_full,0.666666667,0.1,1,"narrow
(0-0.1)",1
534,d4cbca4e,10_easy_full,1,0.8,0,"wide
(0.67-3.6)",1
535,d4fac87b,6_hard_pruned,1,0,0,"narrow
(0-0.1)",1
536,d5a6aafd,10_hard_pruned,1,1,0,"wide
(0.67-3.6)",1
537,d5aff345,10_easy_pruned,0.90625,1.55,0,"wide
(0.67-3.6)",1
538,d5b22aaa,10_easy_full,0.941176471,1.142857143,0,"wide
(0.67-3.6)",1
539,d6a29462,10_easy_full,1,0,0,"narrow
(0-0.1)",1
540,d6a55f6a,6_easy_pruned,1,0,0,"narrow
(0-0.1)",1
541,d6b67ee1,6_easy_full,1,0.1,1,"narrow
(0-0.1)",1
542,d6c10e9a,10_easy_full,1,0.789473684,0,"wide
(0.67-3.6)",1
543,d6d500ab,6_easy_full,1,0.333333333,0,"medium
(0.1-0.67)",1
544,d8a4f092,6_hard_pruned,0.833333333,0.666666667,0,"medium
(0.1-0.67)",1
545,d8d6bed1,10_hard_pruned,0.8,0.1,1,"narrow
(0-0.1)",1
546,d8f4e4d9,6_hard_pruned,0.5,1.285714286,0,"wide
(0.67-3.6)",1
547,d8f6387b,6_hard_full,1,0.5,0,"medium
(0.1-0.67)",1
548,d9e4f7e5,10_hard_pruned,0,0,0,"narrow
(0-0.1)",0
549,daa11f50,10_medium_pruned,1,0.2,0,"medium
(0.1-0.67)",1
550,dabbe6bb,6_easy_full,0.857142857,0.222222222,1,"medium
(0.1-0.67)",1
551,dacfd3d4,10_easy_full,0.85,1.142857143,0,"wide
(0.67-3.6)",1
552,dae59162,10_medium_full,0.75,0.25,1,"medium
(0.1-0.67)",1
553,daefd33a,6_hard_pruned,1,0,0,"narrow
(0-0.1)",1
554,dba1b189,10_medium_full,1,0.609756098,0,"medium
(0.1-0.67)",1
555,dbb14c32,6_easy_pruned,1,0,0,"narrow
(0-0.1)",1
556,dbc59105,10_hard_full,0.866666667,1.441176471,0,"wide
(0.67-3.6)",1
557,dbc6ab5f,10_easy_pruned,1,0,1,"narrow
(0-0.1)",1
558,dbe65101,6_hard_pruned,0,0.2,0,"medium
(0.1-0.67)",0
559,dbe71b15,6_hard_full,0.666666667,0.2,0,"medium
(0.1-0.67)",1
560,dcc4f10e,6_hard_full,0.75,0,0,"narrow
(0-0.1)",1
562,dcfbe5af,6_easy_pruned,1,0.5,1,"medium
(0.1-0.67)",1
563,ddb7456a,6_easy_pruned,1,0,1,"narrow
(0-0.1)",1
564,ddf2ee42,6_easy_full,1,0.8,1,"wide
(0.67-3.6)",1
565,dec24cb0,10_easy_full,0.928571429,0.44,0,"medium
(0.1-0.67)",1
566,dec64994,6_hard_pruned,1,0.4,0,"medium
(0.1-0.67)",1
567,ded14ffd,10_medium_pruned,1,0,1,"narrow
(0-0.1)",1
568,dfa705b9,6_easy_pruned,1,0.4,1,"medium
(0.1-0.67)",1
569,dfb576d2,6_easy_full,0.333333333,0.333333333,0,"medium
(0.1-0.67)",0
570,dfcbf407,6_hard_full,1,0.8,0,"wide
(0.67-3.6)",1
571,dfe6bb89,10_hard_pruned,1,0.666666667,0,"medium
(0.1-0.67)",1
572,dfe6bee3,6_hard_full,0.111111111,1.090909091,0,"wide
(0.67-3.6)",0
573,e0a737b6,6_hard_pruned,1,0,0,"narrow
(0-0.1)",1
574,e0d29b7b,10_hard_full,0.916666667,1.384615385,0,"wide
(0.67-3.6)",1
575,e0e580d6,10_hard_pruned,1,0.8,0,"wide
(0.67-3.6)",1
576,e1a64c7d,6_hard_pruned,0.666666667,0.916666667,0,"wide
(0.67-3.6)",1
577,e1b100ae,6_easy_pruned,0.8,1.666666667,1,"wide
(0.67-3.6)",1
578,e2b10de5,10_hard_pruned,0.857142857,0.615384615,1,"medium
(0.1-0.67)",1
579,e2b655ad,6_hard_pruned,1,0,0,"narrow
(0-0.1)",1
580,e2bbe5e1,10_easy_pruned,0,0.555555556,0,"medium
(0.1-0.67)",0
581,e3a4effd,10_medium_full,0.8,0.384615385,0,"medium
(0.1-0.67)",1
582,e3f59d3c,6_easy_full,1,3.6,0,"wide
(0.67-3.6)",1
583,e4a2eb1e,10_easy_full,1,1.2,1,"wide
(0.67-3.6)",1
584,e5d4e9ce,6_hard_pruned,0.5,0,0,"narrow
(0-0.1)",1
585,e6abcdb2,10_easy_full,1,0.333333333,1,"medium
(0.1-0.67)",1
586,e6efec72,10_hard_pruned,0.571428571,0.444444444,0,"medium
(0.1-0.67)",1
587,e7c28d87,6_easy_full,0.857142857,0.5,0,"medium
(0.1-0.67)",1
588,e7f6d472,10_medium_full,0.5,0.642857143,0,"medium
(0.1-0.67)",1
589,e9b10766,10_medium_pruned,1,0,1,"narrow
(0-0.1)",1
590,e9bbf006,10_easy_full,0.714285714,0.947368421,0,"wide
(0.67-3.6)",1
591,e9dbbf8a,6_hard_pruned,0.666666667,0,0,"narrow
(0-0.1)",1
592,e9e64bef,6_hard_pruned,0,0.333333333,1,"medium
(0.1-0.67)",0
593,e9f6d068,10_hard_full,0.714285714,0.583333333,0,"medium
(0.1-0.67)",1
594,ead61455,6_hard_full,0.714285714,0.166666667,0,"medium
(0.1-0.67)",1
595,ebb5828a,10_easy_full,0.857142857,0.857142857,1,"wide
(0.67-3.6)",1
596,ecb22d03,10_hard_full,0.625,0.75,1,"wide
(0.67-3.6)",1
597,ecb55f5b,6_easy_full,1,0.8,1,"wide
(0.67-3.6)",1
598,ecefd3a0,10_medium_pruned,1,0.333333333,0,"medium
(0.1-0.67)",1
599,edbbcb60,6_easy_pruned,0.75,0,0,"narrow
(0-0.1)",1
600,edf12206,10_hard_full,0.8,0.083333333,0,"narrow
(0-0.1)",1
601,edfff93e,10_hard_pruned,0,1,0,"wide
(0.67-3.6)",0
602,eec719ce,10_easy_pruned,1,1,1,"wide
(0.67-3.6)",1
603,eec7360c,6_hard_full,1,0,0,"narrow
(0-0.1)",1
604,eefbf52d,10_medium_pruned,1,0.428571429,1,"medium
(0.1-0.67)",1
605,efa589db,10_easy_full,1,0.833333333,0,"wide
(0.67-3.6)",1
606,efa7383d,6_easy_full,0.6,0.6,0,"medium
(0.1-0.67)",1
607,efcee9b9,10_easy_full,1,0.833333333,0,"wide
(0.67-3.6)",1
608,efd4fa4a,10_hard_pruned,1,0.3,0,"medium
(0.1-0.67)",1
609,efebc5bb,6_hard_full,0.5,1,0,"wide
(0.67-3.6)",1
610,eff4bf48,6_hard_full,1,0,0,"narrow
(0-0.1)",1
611,f0ebc21e,10_hard_full,0.875,0,0,"narrow
(0-0.1)",1
612,f0f29bcd,10_medium_pruned,1,0.666666667,0,"medium
(0.1-0.67)",1
613,f1a55a0f,6_easy_full,1,0,1,"narrow
(0-0.1)",1
614,f1e613a1,6_hard_full,0.5,0.714285714,0,"wide
(0.67-3.6)",1
615,f1f65080,6_hard_pruned,0.833333333,1,0,"wide
(0.67-3.6)",1
616,f1fbe0de,10_easy_full,1,0.857142857,0,"wide
(0.67-3.6)",1
617,f2f60bd9,6_hard_full,0.642857143,0.695652174,0,"wide
(0.67-3.6)",1
618,f3b14830,10_easy_pruned,1,0.428571429,1,"medium
(0.1-0.67)",1
619,f3b42f94,10_hard_pruned,0.75,0.470588235,0,"medium
(0.1-0.67)",1
620,f3dbeb7e,6_hard_full,0.857142857,0.777777778,0,"wide
(0.67-3.6)",1
621,f3f4f4ae,10_hard_pruned,1,0,0,"narrow
(0-0.1)",1
622,f4a298dc,10_medium_pruned,1,0.571428571,0,"medium
(0.1-0.67)",1
623,f4a6108e,6_hard_full,1,0.5,0,"medium
(0.1-0.67)",1
624,f4beefc5,6_easy_full,1,0,0,"narrow
(0-0.1)",1
625,f4c4f33c,10_hard_pruned,0,0.571428571,0,"medium
(0.1-0.67)",0
627,f5dac888,10_easy_full,0.909090909,1.315789474,0,"wide
(0.67-3.6)",1
628,f5def218,6_easy_full,1,0.4,1,"medium
(0.1-0.67)",1
629,f5f6d6ce,10_medium_full,1,0,0,"narrow
(0-0.1)",1
630,f6b64ced,6_hard_pruned,1,0,0,"narrow
(0-0.1)",1
631,f6e6ab7c,10_hard_pruned,0.5,0.75,1,"wide
(0.67-3.6)",1
632,f6f2f1d1,10_hard_full,0.285714286,1.363636364,0,"wide
(0.67-3.6)",0
633,f6fbf6b1,6_hard_full,0.705882353,1.633333333,0,"wide
(0.67-3.6)",1
634,f6fbf7bf,10_hard_full,1,0.857142857,0,"wide
(0.67-3.6)",1
635,f7b4bfae,6_hard_full,1,1,0,"wide
(0.67-3.6)",1
636,f7b6d848,10_medium_pruned,1,0.6,0,"medium
(0.1-0.67)",1
637,f7ebbfe9,10_hard_full,0.75,1.523809524,0,"wide
(0.67-3.6)",1
638,f8c437b8,10_easy_full,1,2.666666667,0,"wide
(0.67-3.6)",1
639,f8d60bcb,6_hard_full,0.733333333,1,0,"wide
(0.67-3.6)",1
640,f8e11654,10_medium_full,1,0.285714286,1,"medium
(0.1-0.67)",1
641,f9d1ac6a,10_medium_pruned,0.5,1.555555556,0,"wide
(0.67-3.6)",1
642,faa2ee32,10_hard_full,0.666666667,0,0,"narrow
(0-0.1)",1
643,fac10d6e,6_hard_full,0.909090909,0.875,0,"wide
(0.67-3.6)",1
644,fac6126a,6_hard_full,0.68,0.8125,0,"wide
(0.67-3.6)",1
645,faf45b5f,10_hard_full,0.2,0.294117647,1,"medium
(0.1-0.67)",0
646,fcaffad4,6_hard_pruned,0.761904762,0.583333333,0,"medium
(0.1-0.67)",1
647,fcb2e96f,10_easy_full,1,1.5,0,"wide
(0.67-3.6)",1
648,fcb764e3,10_hard_pruned,1,0.5,1,"medium
(0.1-0.67)",1
649,fcf4f6d3,10_easy_full,1,1,0,"wide
(0.67-3.6)",1
650,fda1c679,10_medium_full,1,0.5,0,"medium
(0.1-0.67)",1
651,fda56e55,6_easy_full,1,1,1,"wide
(0.67-3.6)",1
652,fdaa7ebb,6_hard_pruned,0.941176471,0.5,0,"medium
(0.1-0.67)",1
653,fdc4f07b,10_easy_pruned,1,0,1,"narrow
(0-0.1)",1
654,fdd70310,10_hard_full,0.555555556,1.25,0,"wide
(0.67-3.6)",1
655,fde4bf4b,6_hard_full,0.3,0.777777778,0,"wide
(0.67-3.6)",0
656,fde4ef33,6_hard_pruned,1,0.333333333,0,"medium
(0.1-0.67)",1
657,fde6491d,6_hard_pruned,0.8,0.6,0,"medium
(0.1-0.67)",1
658,fec28d64,10_hard_full,0.666666667,0.5,0,"medium
(0.1-0.67)",1
659,fec6b568,10_easy_pruned,1,2,0,"wide
(0.67-3.6)",1
660,fedbec09,10_easy_full,1,1,0,"wide
(0.67-3.6)",1
661,fee29090,10_easy_full,0.944444444,0.75,0,"wide
(0.67-3.6)",1
662,feef235a,10_easy_full,0.772727273,1.344827586,0,"wide
(0.67-3.6)",1
663,fef4eae9,6_hard_pruned,1,0,1,"narrow
(0-0.1)",1
664,fff4bf68,6_hard_full,0,0.833333333,0,"wide
(0.67-3.6)",0
