,userid,board_name,shutter,correct,mean_shutter_cat
0,10d2eb59,10_medium_pruned,0.0,0,"narrow
(0-0.16)"
1,10d437bd,10_hard_full,0.25,0,"medium
(0.16-0.5)"
2,11a64d17,6_hard_pruned,0.4,0,"medium
(0.16-0.5)"
3,11d4bf94,6_hard_full,0.0,0,"narrow
(0-0.16)"
4,11dfe866,6_easy_pruned,0.0,1,"narrow
(0-0.16)"
5,11e652f7,6_hard_pruned,0.4,0,"medium
(0.16-0.5)"
6,11f436f2,10_easy_pruned,0.0,1,"narrow
(0-0.16)"
7,12eacae6,6_easy_full,1.0,0,"wide
(0.5-2.5)"
8,12ebbfd2,6_easy_pruned,0.0,1,"narrow
(0-0.16)"
9,13b7468e,10_hard_pruned,1.5,1,"wide
(0.5-2.5)"
10,13d3015e,10_easy_full,0.0,0,"narrow
(0-0.16)"
11,13dbbfb8,10_hard_pruned,0.36363636363636365,0,"medium
(0.16-0.5)"
12,13e5a30f,10_easy_pruned,0.7,1,"wide
(0.5-2.5)"
13,13f4ff5a,10_hard_full,0.625,0,"medium
(0.16-0.5)"
14,14b4c043,6_hard_full,0.0,0,"narrow
(0-0.16)"
15,14c5dc72,6_hard_full,0.2,0,"medium
(0.16-0.5)"
16,14c6b1ae,10_hard_pruned,0.0,1,"narrow
(0-0.16)"
17,14c6d368,10_medium_pruned,0.0,1,"narrow
(0-0.16)"
18,14d64999,6_hard_pruned,0.2,1,"medium
(0.16-0.5)"
19,15b2249e,10_medium_full,0.3333333333333333,0,"medium
(0.16-0.5)"
20,15b55c06,6_easy_full,1.0,0,"wide
(0.5-2.5)"
21,15c4420d,10_easy_full,0.0,0,"narrow
(0-0.16)"
22,15f2fc36,10_medium_pruned,0.0,0,"narrow
(0-0.16)"
23,16a2336c,6_easy_pruned,0.0,0,"narrow
(0-0.16)"
24,16c1a872,10_easy_pruned,0.0,1,"narrow
(0-0.16)"
25,16d516ad,6_hard_pruned,0.0,0,"narrow
(0-0.16)"
26,16e512d0,6_easy_pruned,1.6,1,"wide
(0.5-2.5)"
27,16ead0a0,10_easy_full,1.2,0,"wide
(0.5-2.5)"
28,16f6e58d,10_hard_pruned,1.3076923076923077,0,"wide
(0.5-2.5)"
29,17b4c1ea,6_hard_full,0.8888888888888888,1,"wide
(0.5-2.5)"
30,17e120dd,6_hard_full,1.0909090909090908,0,"wide
(0.5-2.5)"
31,17f6cea6,10_medium_pruned,0.875,1,"wide
(0.5-2.5)"
32,18a4334a,10_hard_full,0.4444444444444444,0,"medium
(0.16-0.5)"
33,18a695e2,10_hard_pruned,0.30434782608695654,0,"medium
(0.16-0.5)"
34,18c75602,10_medium_full,0.4166666666666667,1,"medium
(0.16-0.5)"
35,18dac9ef,6_hard_full,0.0,0,"narrow
(0-0.16)"
36,19a105e3,6_easy_pruned,1.4444444444444444,1,"wide
(0.5-2.5)"
37,19a1a95d,10_hard_pruned,0.3333333333333333,1,"medium
(0.16-0.5)"
38,19a561a7,6_easy_full,2.4615384615384617,1,"wide
(0.5-2.5)"
39,19b680e2,10_medium_pruned,0.4,1,"medium
(0.16-0.5)"
40,19d58478,10_hard_full,0.0,0,"narrow
(0-0.16)"
41,1ab458e7,10_easy_full,0.8620689655172413,0,"wide
(0.5-2.5)"
42,1ab6da15,10_medium_full,0.8076923076923077,0,"wide
(0.5-2.5)"
43,1bd72c42,10_hard_pruned,0.0,0,"narrow
(0-0.16)"
44,1dac01e7,6_hard_pruned,0.3333333333333333,0,"medium
(0.16-0.5)"
45,1de715c7,6_easy_pruned,0.0,0,"narrow
(0-0.16)"
46,1de74153,10_easy_full,1.1666666666666667,0,"wide
(0.5-2.5)"
47,1df22596,6_easy_pruned,0.0,1,"narrow
(0-0.16)"
48,1df6940e,10_hard_full,0.0,1,"narrow
(0-0.16)"
49,1ee2f27e,10_hard_pruned,0.75,0,"wide
(0.5-2.5)"
50,1fa5910b,10_medium_full,0.0,0,"narrow
(0-0.16)"
51,1fd1a960,6_easy_pruned,1.3333333333333333,0,"wide
(0.5-2.5)"
52,1fdbc072,6_easy_pruned,0.0,0,"narrow
(0-0.16)"
53,1fe6d227,10_medium_pruned,0.0,1,"narrow
(0-0.16)"
54,1feef0c1,10_easy_pruned,0.42857142857142855,1,"medium
(0.16-0.5)"
55,1feffe13,10_medium_pruned,0.0,1,"narrow
(0-0.16)"
56,1ff4f828,10_hard_full,0.0,0,"narrow
(0-0.16)"
57,20a4fec4,10_easy_full,0.0,0,"narrow
(0-0.16)"
58,20bfd7bd,6_hard_full,0.0,0,"narrow
(0-0.16)"
59,20e1bd34,10_hard_full,0.3333333333333333,1,"medium
(0.16-0.5)"
60,21abc061,10_hard_full,1.4666666666666666,0,"wide
(0.5-2.5)"
61,21d292ce,10_medium_full,0.2777777777777778,0,"medium
(0.16-0.5)"
62,21f1bc74,6_easy_pruned,0.0,1,"narrow
(0-0.16)"
63,22b2f18d,10_easy_full,2.3333333333333335,0,"wide
(0.5-2.5)"
64,22c15f64,10_medium_pruned,0.0,1,"narrow
(0-0.16)"
65,22c1b18a,10_hard_pruned,0.0,1,"narrow
(0-0.16)"
66,22c5aae4,10_medium_pruned,0.9333333333333333,1,"wide
(0.5-2.5)"
67,22dac859,6_hard_full,0.6363636363636364,0,"medium
(0.16-0.5)"
68,22f580c9,6_easy_full,1.75,0,"wide
(0.5-2.5)"
69,23a58279,10_easy_pruned,0.0,1,"narrow
(0-0.16)"
70,23b6924e,10_easy_full,0.5357142857142857,0,"medium
(0.16-0.5)"
71,23b6aa96,10_easy_pruned,1.1,0,"wide
(0.5-2.5)"
72,23dbc11c,10_hard_full,0.5714285714285714,0,"medium
(0.16-0.5)"
73,24a5e25a,6_hard_full,1.1428571428571428,0,"wide
(0.5-2.5)"
74,24b61c03,6_hard_full,0.0,0,"narrow
(0-0.16)"
75,24d445c5,10_easy_full,1.6521739130434783,1,"wide
(0.5-2.5)"
76,24e58a14,6_easy_full,0.6428571428571429,1,"medium
(0.16-0.5)"
77,24f4c091,6_hard_full,0.5384615384615384,0,"medium
(0.16-0.5)"
78,25b43b96,10_hard_pruned,0.3333333333333333,0,"medium
(0.16-0.5)"
79,25b4e27c,6_hard_pruned,0.6,0,"medium
(0.16-0.5)"
80,25b60fb4,6_hard_full,1.1666666666666667,0,"wide
(0.5-2.5)"
81,25c4c0ab,6_hard_full,1.3333333333333333,0,"wide
(0.5-2.5)"
82,25cfdeaf,6_hard_pruned,1.0,0,"wide
(0.5-2.5)"
83,25dfef96,6_easy_full,0.0,1,"narrow
(0-0.16)"
84,25f6ce98,10_hard_full,1.0,0,"wide
(0.5-2.5)"
85,26dbf6e9,6_hard_full,0.4,1,"medium
(0.16-0.5)"
86,26e154ac,10_hard_full,0.4,1,"medium
(0.16-0.5)"
87,26e55a5a,6_easy_full,2.1818181818181817,0,"wide
(0.5-2.5)"
88,26e680e4,10_easy_full,1.1578947368421053,0,"wide
(0.5-2.5)"
89,27e436f9,6_easy_pruned,0.0,1,"narrow
(0-0.16)"
90,27e58321,10_hard_pruned,0.0,0,"narrow
(0-0.16)"
91,28a580c4,10_medium_full,0.17391304347826086,0,"medium
(0.16-0.5)"
92,28d4fefb,10_hard_pruned,0.26666666666666666,1,"medium
(0.16-0.5)"
93,28e6483c,6_hard_pruned,0.0,0,"narrow
(0-0.16)"
94,28e67c08,10_hard_full,0.0,1,"narrow
(0-0.16)"
95,29bff31a,10_easy_pruned,0.0,1,"narrow
(0-0.16)"
96,29e72a67,10_medium_pruned,2.2564102564102564,0,"wide
(0.5-2.5)"
97,2aa15594,10_medium_pruned,0.2727272727272727,1,"medium
(0.16-0.5)"
98,2aa6b178,10_hard_pruned,0.5333333333333333,0,"medium
(0.16-0.5)"
99,2aabe76a,6_easy_full,2.0,0,"wide
(0.5-2.5)"
100,2ab4ecbb,6_hard_pruned,0.625,0,"medium
(0.16-0.5)"
101,2abedf01,10_hard_full,1.5,0,"wide
(0.5-2.5)"
102,2ac591b0,10_easy_pruned,0.5,0,"medium
(0.16-0.5)"
103,2ae55a14,6_easy_pruned,0.0,1,"narrow
(0-0.16)"
104,2af42b8d,6_easy_full,0.14285714285714285,1,"medium
(0.16-0.5)"
105,2afbbf79,6_hard_pruned,0.6428571428571429,0,"medium
(0.16-0.5)"
106,2bcfe659,6_easy_full,1.5,0,"wide
(0.5-2.5)"
107,2bd232b2,10_hard_full,2.0,0,"wide
(0.5-2.5)"
108,2bd72f3e,10_medium_pruned,0.0,1,"narrow
(0-0.16)"
109,2be432b7,10_hard_pruned,1.25,1,"wide
(0.5-2.5)"
110,2ca66220,6_hard_pruned,0.0,0,"narrow
(0-0.16)"
111,2cb650ed,6_hard_pruned,0.125,1,"medium
(0.16-0.5)"
112,2ce1ab22,10_easy_pruned,0.0,1,"narrow
(0-0.16)"
113,2dca846d,6_easy_pruned,0.2,0,"medium
(0.16-0.5)"
114,2dfbc35a,6_easy_pruned,1.3333333333333333,0,"wide
(0.5-2.5)"
115,2ecee330,6_easy_full,0.6,1,"medium
(0.16-0.5)"
116,2ed2eb11,10_easy_pruned,0.3333333333333333,1,"medium
(0.16-0.5)"
117,2fa647f5,6_hard_pruned,0.0,0,"narrow
(0-0.16)"
118,2fb4f99a,10_hard_full,0.0,1,"narrow
(0-0.16)"
119,2fd101b0,10_easy_pruned,0.6,0,"medium
(0.16-0.5)"
120,2fd310c0,6_easy_full,0.0,1,"narrow
(0-0.16)"
121,2fe692a5,10_easy_full,0.0,1,"narrow
(0-0.16)"
122,2ff50f64,6_hard_pruned,0.0,0,"narrow
(0-0.16)"
123,30c4e230,6_hard_pruned,0.5384615384615384,0,"medium
(0.16-0.5)"
124,30e4feac,6_hard_pruned,0.3333333333333333,0,"medium
(0.16-0.5)"
125,30f2f747,10_hard_pruned,0.375,0,"medium
(0.16-0.5)"
126,31b2e974,10_easy_full,0.5555555555555556,0,"medium
(0.16-0.5)"
127,31b4fc9e,10_easy_full,1.125,1,"wide
(0.5-2.5)"
128,31e63b91,6_hard_full,0.6666666666666666,0,"medium
(0.16-0.5)"
129,31f6a576,10_hard_pruned,0.47368421052631576,0,"medium
(0.16-0.5)"
130,32a55a14,6_easy_pruned,0.0,1,"narrow
(0-0.16)"
131,32a581e0,10_medium_pruned,0.75,1,"wide
(0.5-2.5)"
132,32b10037,6_easy_full,1.6153846153846154,0,"wide
(0.5-2.5)"
133,32bf008f,6_easy_pruned,0.0,1,"narrow
(0-0.16)"
134,32e14a26,10_hard_full,0.75,0,"wide
(0.5-2.5)"
135,32e2e940,10_medium_pruned,0.0,1,"narrow
(0-0.16)"
136,32ebf2e8,6_hard_full,1.1,1,"wide
(0.5-2.5)"
137,32fad07f,10_hard_pruned,0.0,1,"narrow
(0-0.16)"
138,33a74451,10_medium_pruned,0.3181818181818182,1,"medium
(0.16-0.5)"
139,33b693e2,6_easy_pruned,0.0,0,"narrow
(0-0.16)"
140,33bbca9a,10_medium_full,0.2857142857142857,0,"medium
(0.16-0.5)"
141,33c1b7cd,10_medium_pruned,0.5333333333333333,1,"medium
(0.16-0.5)"
142,33c5818d,6_easy_full,1.0,0,"wide
(0.5-2.5)"
143,33e649bd,6_hard_pruned,0.6,0,"medium
(0.16-0.5)"
144,33ebe68d,6_easy_pruned,0.8333333333333334,1,"wide
(0.5-2.5)"
145,34b12db9,10_hard_full,1.4285714285714286,0,"wide
(0.5-2.5)"
146,34b59cc7,10_medium_pruned,0.2727272727272727,1,"medium
(0.16-0.5)"
147,34c6c058,10_easy_pruned,0.0,0,"narrow
(0-0.16)"
148,34cffc40,6_easy_full,0.0,0,"narrow
(0-0.16)"
149,34d51755,10_medium_full,0.0,0,"narrow
(0-0.16)"
150,36c1af0c,10_medium_full,0.0,0,"narrow
(0-0.16)"
151,36ebe4da,10_medium_full,0.5,0,"medium
(0.16-0.5)"
152,37bffc4e,10_easy_full,0.8333333333333334,1,"wide
(0.5-2.5)"
153,37d59204,10_hard_pruned,2.1666666666666665,0,"wide
(0.5-2.5)"
154,37e6e013,10_medium_pruned,0.0,1,"narrow
(0-0.16)"
155,37f61258,6_hard_full,0.5,0,"medium
(0.16-0.5)"
156,38a1a872,10_medium_full,1.0,0,"wide
(0.5-2.5)"
157,38abe966,6_easy_full,0.0,1,"narrow
(0-0.16)"
158,38c1ac46,10_easy_pruned,1.0,1,"wide
(0.5-2.5)"
159,38cbc1f6,10_medium_full,0.3888888888888889,0,"medium
(0.16-0.5)"
160,38e2e9be,6_easy_pruned,0.0,0,"narrow
(0-0.16)"
161,38e6c356,10_hard_pruned,0.8571428571428571,0,"wide
(0.5-2.5)"
162,38ebbf94,6_hard_full,0.5555555555555556,0,"medium
(0.16-0.5)"
163,39a23ae7,10_easy_full,1.88,0,"wide
(0.5-2.5)"
164,39afd1eb,10_easy_pruned,0.0,1,"narrow
(0-0.16)"
165,39b67ab6,10_medium_full,1.6666666666666667,0,"wide
(0.5-2.5)"
166,39eeed89,10_easy_pruned,0.2857142857142857,0,"medium
(0.16-0.5)"
167,3ab7160d,10_easy_pruned,0.7368421052631579,1,"wide
(0.5-2.5)"
168,3ac5170c,10_easy_full,0.8571428571428571,1,"wide
(0.5-2.5)"
169,3acff9fa,6_easy_full,0.0,0,"narrow
(0-0.16)"
170,3ad4e7d3,6_hard_pruned,0.0,1,"narrow
(0-0.16)"
171,3af4bfbb,6_hard_full,0.5,0,"medium
(0.16-0.5)"
172,3bac0799,6_easy_full,0.0,1,"narrow
(0-0.16)"
173,3bb613b2,6_hard_full,0.16666666666666666,0,"medium
(0.16-0.5)"
174,3cd60baf,6_hard_full,0.0,1,"narrow
(0-0.16)"
175,3ce55b94,6_easy_full,0.5833333333333334,0,"medium
(0.16-0.5)"
176,3cf580c7,6_easy_pruned,0.6923076923076923,0,"wide
(0.5-2.5)"
177,3db583aa,10_medium_pruned,0.0,0,"narrow
(0-0.16)"
178,3dc571a5,6_easy_pruned,0.0,1,"narrow
(0-0.16)"
179,3dc59c17,10_easy_full,1.4333333333333333,0,"wide
(0.5-2.5)"
180,3de2a23d,10_hard_full,0.0,1,"narrow
(0-0.16)"
181,3df11bae,6_hard_full,0.7,0,"wide
(0.5-2.5)"
182,3dfad0f2,10_easy_full,0.5,0,"medium
(0.16-0.5)"
183,3ea43816,10_hard_pruned,0.0,1,"narrow
(0-0.16)"
184,3ec55e12,6_easy_pruned,0.0,0,"narrow
(0-0.16)"
185,3ed1161d,10_medium_pruned,0.0,0,"narrow
(0-0.16)"
186,3ef64929,6_hard_pruned,0.0,0,"narrow
(0-0.16)"
187,3fa1bb85,10_hard_pruned,0.25,1,"medium
(0.16-0.5)"
188,3fcbc0ab,6_easy_full,1.5454545454545454,1,"wide
(0.5-2.5)"
189,3ff2e93a,6_easy_full,0.25,1,"medium
(0.16-0.5)"
190,40a29d8c,10_easy_pruned,0.125,1,"medium
(0.16-0.5)"
191,40a74de0,6_easy_full,0.5714285714285714,1,"medium
(0.16-0.5)"
192,40c6c24a,10_hard_pruned,0.0,0,"narrow
(0-0.16)"
193,40e4e2b8,6_hard_pruned,0.0,0,"narrow
(0-0.16)"
194,41a6aea3,10_hard_pruned,0.3333333333333333,0,"medium
(0.16-0.5)"
195,41bad9a2,10_hard_pruned,0.4117647058823529,1,"medium
(0.16-0.5)"
196,42f75809,10_medium_pruned,0.0,1,"narrow
(0-0.16)"
197,43c516b5,10_medium_pruned,0.6,1,"medium
(0.16-0.5)"
198,43c60cd9,6_hard_full,0.4,1,"medium
(0.16-0.5)"
199,43cad2c3,10_medium_pruned,1.5,0,"wide
(0.5-2.5)"
200,43dbc360,10_easy_pruned,0.625,1,"medium
(0.16-0.5)"
201,43e56481,6_easy_pruned,0.0,1,"narrow
(0-0.16)"
202,43e64821,6_hard_pruned,0.36363636363636365,0,"medium
(0.16-0.5)"
203,44a4fa14,6_hard_full,0.0,0,"narrow
(0-0.16)"
204,44a65230,6_hard_pruned,0.0,0,"narrow
(0-0.16)"
205,44c2eb5a,10_easy_full,0.75,0,"wide
(0.5-2.5)"
206,44eedf0e,6_easy_full,0.75,0,"wide
(0.5-2.5)"
207,45b146b0,10_hard_full,0.9230769230769231,0,"wide
(0.5-2.5)"
208,45b64f9c,6_hard_pruned,0.3333333333333333,0,"medium
(0.16-0.5)"
209,45c16f91,6_easy_pruned,1.0,1,"wide
(0.5-2.5)"
210,45f6b774,10_hard_pruned,0.6666666666666666,0,"medium
(0.16-0.5)"
211,46c12352,10_easy_pruned,0.2,1,"medium
(0.16-0.5)"
212,46d5945f,6_easy_full,0.0,1,"narrow
(0-0.16)"
213,46e6d530,10_medium_pruned,0.0,1,"narrow
(0-0.16)"
214,47a58969,6_easy_pruned,0.0,1,"narrow
(0-0.16)"
215,47dbc824,10_easy_pruned,1.25,0,"wide
(0.5-2.5)"
216,47f614be,6_hard_full,0.7727272727272727,1,"wide
(0.5-2.5)"
217,48c70a00,6_easy_pruned,1.0,0,"wide
(0.5-2.5)"
218,48e6dc30,10_hard_full,0.5,0,"medium
(0.16-0.5)"
219,48ec02bc,10_medium_full,0.6111111111111112,0,"medium
(0.16-0.5)"
220,48f1c6a9,10_easy_pruned,0.0,1,"narrow
(0-0.16)"
221,49b6bf52,10_easy_pruned,0.4,0,"medium
(0.16-0.5)"
222,49c72e9b,6_hard_pruned,0.0,0,"narrow
(0-0.16)"
223,49e6113d,6_hard_full,0.1111111111111111,0,"medium
(0.16-0.5)"
224,4ab308f9,6_easy_pruned,0.0,1,"narrow
(0-0.16)"
225,4ac58df4,10_hard_pruned,0.6956521739130435,0,"wide
(0.5-2.5)"
226,4af5df5d,6_hard_full,0.0,0,"narrow
(0-0.16)"
227,4bb243a6,10_hard_full,1.875,0,"wide
(0.5-2.5)"
228,4bca7fc9,6_hard_pruned,0.0,0,"narrow
(0-0.16)"
229,4bfffc8c,10_hard_pruned,2.0,0,"wide
(0.5-2.5)"
230,4ca65156,6_hard_pruned,1.0,0,"wide
(0.5-2.5)"
231,4cb651bd,6_hard_pruned,0.0,0,"narrow
(0-0.16)"
232,4cb73467,10_medium_full,0.13636363636363635,0,"medium
(0.16-0.5)"
233,4cf589a5,10_hard_pruned,0.5862068965517241,1,"medium
(0.16-0.5)"
234,4cffe209,10_medium_full,0.38461538461538464,0,"medium
(0.16-0.5)"
235,4dc50d03,6_easy_pruned,3.0,0,"wide
(0.5-2.5)"
236,4de431b1,6_easy_full,0.8888888888888888,0,"wide
(0.5-2.5)"
237,4de4f27d,10_medium_full,0.4666666666666667,0,"medium
(0.16-0.5)"
238,4de6cf95,10_hard_full,0.0,0,"narrow
(0-0.16)"
239,4eb4f441,10_easy_pruned,0.0,1,"narrow
(0-0.16)"
240,4ecfea32,10_easy_pruned,1.2272727272727273,0,"wide
(0.5-2.5)"
241,4ed4c1d3,6_hard_full,0.1111111111111111,1,"medium
(0.16-0.5)"
242,4ed4e40b,6_hard_pruned,0.0,1,"narrow
(0-0.16)"
243,4ed755f1,6_easy_full,0.0,0,"narrow
(0-0.16)"
244,4ee64c2a,6_hard_pruned,0.6,0,"medium
(0.16-0.5)"
245,4fa58511,10_medium_pruned,0.6428571428571429,1,"medium
(0.16-0.5)"
246,4fb692a0,10_easy_pruned,0.0,0,"narrow
(0-0.16)"
247,4fba815c,10_medium_pruned,0.3333333333333333,0,"medium
(0.16-0.5)"
248,50c2b014,6_easy_full,0.0,1,"narrow
(0-0.16)"
249,50c60ba6,6_hard_full,0.0,1,"narrow
(0-0.16)"
250,50d2ea0b,10_easy_full,0.2,0,"medium
(0.16-0.5)"
251,50f6b001,10_hard_pruned,1.5833333333333333,0,"wide
(0.5-2.5)"
252,51a4e32d,6_hard_pruned,0.7647058823529411,0,"wide
(0.5-2.5)"
253,51b4380a,10_hard_pruned,0.0,0,"narrow
(0-0.16)"
254,53a654e5,6_hard_pruned,1.1666666666666667,0,"wide
(0.5-2.5)"
255,53c4c041,6_hard_full,0.75,0,"wide
(0.5-2.5)"
256,53d65632,6_hard_pruned,0.3333333333333333,0,"medium
(0.16-0.5)"
257,53e6ac01,10_easy_pruned,0.42857142857142855,0,"medium
(0.16-0.5)"
258,54d4fd9d,10_medium_full,0.2727272727272727,0,"medium
(0.16-0.5)"
259,54f4bf95,6_hard_full,0.0,1,"narrow
(0-0.16)"
260,54f6b927,10_medium_full,0.5,0,"medium
(0.16-0.5)"
261,55a709fd,6_easy_pruned,1.25,0,"wide
(0.5-2.5)"
262,55c68fc5,10_easy_full,0.5,0,"medium
(0.16-0.5)"
263,55e1abb3,10_easy_full,1.2692307692307692,1,"wide
(0.5-2.5)"
264,55f5fe54,6_hard_full,1.75,0,"wide
(0.5-2.5)"
265,56b1504d,10_medium_pruned,0.0,0,"narrow
(0-0.16)"
266,56b584cf,10_hard_pruned,0.6,1,"medium
(0.16-0.5)"
267,56e6f5d2,10_easy_full,1.0,0,"wide
(0.5-2.5)"
268,57a4bf4b,6_hard_full,0.0,1,"narrow
(0-0.16)"
269,57aedfe7,10_hard_full,0.0,0,"narrow
(0-0.16)"
270,57f14696,10_easy_full,1.8461538461538463,0,"wide
(0.5-2.5)"
271,58d72aaf,10_easy_full,1.2222222222222223,0,"wide
(0.5-2.5)"
272,58e1a94c,10_easy_pruned,0.0,1,"narrow
(0-0.16)"
273,58e72ee8,6_easy_pruned,0.0,1,"narrow
(0-0.16)"
274,59d4e268,6_hard_pruned,0.5925925925925926,0,"medium
(0.16-0.5)"
275,59d51c4c,6_easy_full,2.0,0,"wide
(0.5-2.5)"
276,59e1b4a9,10_easy_full,1.826086956521739,0,"wide
(0.5-2.5)"
277,59f235f8,10_easy_pruned,0.0,1,"narrow
(0-0.16)"
278,5aa6aa9a,10_easy_pruned,0.2857142857142857,0,"medium
(0.16-0.5)"
279,5ac2feee,10_medium_pruned,0.0,1,"narrow
(0-0.16)"
280,5acfeabc,6_easy_full,0.0,1,"narrow
(0-0.16)"
281,5adff9a5,6_hard_pruned,0.0,0,"narrow
(0-0.16)"
282,5aebf3c2,10_easy_pruned,0.125,0,"medium
(0.16-0.5)"
283,5bc4f225,10_hard_pruned,0.0,1,"narrow
(0-0.16)"
284,5cd6bb63,10_easy_full,1.631578947368421,0,"wide
(0.5-2.5)"
285,5ce612bc,6_hard_full,1.0,0,"wide
(0.5-2.5)"
286,5dbfe29c,6_hard_pruned,0.6,0,"medium
(0.16-0.5)"
287,5dd4c056,6_hard_full,0.0,0,"narrow
(0-0.16)"
288,5dd4e3a2,6_hard_pruned,0.0,0,"narrow
(0-0.16)"
289,5de11557,6_easy_full,0.375,1,"medium
(0.16-0.5)"
290,5eb14b17,10_medium_full,0.45454545454545453,0,"medium
(0.16-0.5)"
291,5edbbf73,6_hard_full,0.75,0,"wide
(0.5-2.5)"
292,5ee23430,6_easy_pruned,0.9166666666666666,1,"wide
(0.5-2.5)"
293,5efbf191,10_medium_pruned,0.0,1,"narrow
(0-0.16)"
294,5fa1b8b9,10_easy_full,0.3333333333333333,0,"medium
(0.16-0.5)"
295,5fa651bb,6_hard_pruned,0.4,0,"medium
(0.16-0.5)"
296,60e6bcce,10_easy_pruned,0.9090909090909091,0,"wide
(0.5-2.5)"
297,61c6d297,10_medium_pruned,0.3333333333333333,0,"medium
(0.16-0.5)"
298,61e65cc1,6_hard_pruned,0.4,0,"medium
(0.16-0.5)"
299,62e2950a,6_easy_pruned,2.0,1,"wide
(0.5-2.5)"
300,62e6aa66,10_hard_pruned,0.6,0,"medium
(0.16-0.5)"
301,63a146c7,10_medium_full,0.6363636363636364,0,"medium
(0.16-0.5)"
302,63c4bfcb,6_hard_full,0.25,0,"medium
(0.16-0.5)"
303,63e5efe1,6_hard_full,0.6666666666666666,1,"medium
(0.16-0.5)"
304,63e6cf13,10_medium_pruned,0.0,0,"narrow
(0-0.16)"
305,64f61543,6_hard_full,0.0,0,"narrow
(0-0.16)"
306,65afea1f,6_hard_pruned,0.0,0,"narrow
(0-0.16)"
307,65b29750,6_easy_full,0.058823529411764705,1,"narrow
(0-0.16)"
308,65d16666,10_easy_full,0.25,1,"medium
(0.16-0.5)"
309,65e519cb,6_hard_pruned,0.0,1,"narrow
(0-0.16)"
310,65f4e348,6_hard_pruned,0.16666666666666666,0,"medium
(0.16-0.5)"
311,65f68460,10_hard_full,0.0,1,"narrow
(0-0.16)"
312,66aee800,10_easy_full,0.5,0,"medium
(0.16-0.5)"
313,66b442b7,10_easy_full,0.5555555555555556,0,"medium
(0.16-0.5)"
314,66eee342,10_easy_pruned,1.4864864864864864,1,"wide
(0.5-2.5)"
315,66f5647d,6_easy_full,1.0,0,"wide
(0.5-2.5)"
316,67abc3ab,6_easy_pruned,1.4666666666666666,1,"wide
(0.5-2.5)"
317,67abf219,6_easy_pruned,0.16666666666666666,0,"medium
(0.16-0.5)"
318,67b1a7f0,6_easy_full,0.0,1,"narrow
(0-0.16)"
319,67e6ce01,10_hard_full,0.9705882352941176,0,"wide
(0.5-2.5)"
320,67eac875,6_hard_full,0.4375,0,"medium
(0.16-0.5)"
321,67f4ea8a,6_hard_pruned,0.0,0,"narrow
(0-0.16)"
322,67f64a50,6_hard_pruned,0.0,0,"narrow
(0-0.16)"
323,67f69d24,10_easy_full,0.25,0,"medium
(0.16-0.5)"
324,67f6aca8,10_easy_pruned,0.0,0,"narrow
(0-0.16)"
325,68a1b7d8,10_hard_full,1.4545454545454546,0,"wide
(0.5-2.5)"
326,68c659b8,6_hard_pruned,0.4090909090909091,1,"medium
(0.16-0.5)"
327,68d5803f,6_easy_pruned,0.0,0,"narrow
(0-0.16)"
328,68d5e249,6_hard_full,0.625,0,"medium
(0.16-0.5)"
329,68e158de,6_easy_full,0.2857142857142857,0,"medium
(0.16-0.5)"
330,68e1bb60,10_easy_pruned,1.0,0,"wide
(0.5-2.5)"
331,69a2a02d,10_medium_pruned,0.0,0,"narrow
(0-0.16)"
332,69bad0fe,6_hard_full,1.3478260869565217,0,"wide
(0.5-2.5)"
333,69f239f6,6_easy_pruned,1.2857142857142858,0,"wide
(0.5-2.5)"
334,6ac7311a,10_easy_full,1.1304347826086956,0,"wide
(0.5-2.5)"
335,6ad1c45d,10_easy_full,0.8571428571428571,0,"wide
(0.5-2.5)"
336,6af6ce2f,10_medium_pruned,0.0,0,"narrow
(0-0.16)"
337,6bb10472,6_hard_pruned,0.0,1,"narrow
(0-0.16)"
338,6bb4e746,6_hard_pruned,1.3333333333333333,0,"wide
(0.5-2.5)"
339,6bca8117,6_easy_full,1.2857142857142858,0,"wide
(0.5-2.5)"
340,6bf51f66,6_hard_full,0.0,0,"narrow
(0-0.16)"
341,6cbbcdf7,6_easy_pruned,0.5,0,"medium
(0.16-0.5)"
342,6cc4f8b6,10_easy_full,0.8666666666666667,0,"wide
(0.5-2.5)"
343,6cd50fc7,10_easy_full,1.0714285714285714,1,"wide
(0.5-2.5)"
344,6db76212,10_medium_pruned,0.4,1,"medium
(0.16-0.5)"
345,6dd103e2,6_hard_pruned,0.6,0,"medium
(0.16-0.5)"
346,6dd588e6,10_medium_full,0.5714285714285714,0,"medium
(0.16-0.5)"
347,6de4e267,6_hard_pruned,0.625,0,"medium
(0.16-0.5)"
348,6df29cec,10_easy_pruned,0.5,1,"medium
(0.16-0.5)"
349,6dfbeafe,10_easy_full,1.0,0,"wide
(0.5-2.5)"
350,6ee61190,6_hard_full,1.1666666666666667,0,"wide
(0.5-2.5)"
351,6fc70a09,6_easy_pruned,0.0,1,"narrow
(0-0.16)"
352,6fcee175,10_easy_pruned,0.0,1,"narrow
(0-0.16)"
353,70bffd4d,10_easy_full,1.7916666666666667,0,"wide
(0.5-2.5)"
354,70da8cfb,6_hard_full,0.18181818181818182,1,"medium
(0.16-0.5)"
355,71a6e4eb,10_medium_pruned,0.0,0,"narrow
(0-0.16)"
356,71beed42,6_easy_pruned,0.3333333333333333,1,"medium
(0.16-0.5)"
357,71c6b3a3,10_hard_pruned,0.2,1,"medium
(0.16-0.5)"
358,71ebc315,10_medium_pruned,0.3333333333333333,0,"medium
(0.16-0.5)"
359,72c1b0e6,10_hard_full,1.0,1,"wide
(0.5-2.5)"
360,72caeffe,10_easy_full,1.68,0,"wide
(0.5-2.5)"
361,72d587f7,10_hard_full,0.0,0,"narrow
(0-0.16)"
362,72e6961c,10_medium_full,0.5,1,"medium
(0.16-0.5)"
363,72f4c145,6_hard_full,0.5,0,"medium
(0.16-0.5)"
364,72f6b345,10_hard_pruned,0.3333333333333333,0,"medium
(0.16-0.5)"
365,74b60b9f,6_hard_full,2.0,0,"wide
(0.5-2.5)"
366,74d43e43,10_hard_pruned,0.0,1,"narrow
(0-0.16)"
367,75bbec9c,10_easy_full,1.0,0,"wide
(0.5-2.5)"
368,75d58ff2,6_easy_full,0.0,1,"narrow
(0-0.16)"
369,75ffd9e8,10_hard_full,0.8333333333333334,0,"wide
(0.5-2.5)"
370,76abf978,10_medium_full,0.6,0,"medium
(0.16-0.5)"
371,76bfdf0b,10_easy_pruned,0.38461538461538464,0,"medium
(0.16-0.5)"
372,76e60f84,6_hard_full,0.16666666666666666,0,"medium
(0.16-0.5)"
373,76f6a1e9,10_medium_pruned,0.10526315789473684,1,"medium
(0.16-0.5)"
374,77ba7edc,10_hard_pruned,0.75,0,"wide
(0.5-2.5)"
375,77c580bf,6_easy_full,0.5,0,"medium
(0.16-0.5)"
376,77d58870,10_medium_pruned,1.0454545454545454,1,"wide
(0.5-2.5)"
377,78f29cf9,10_hard_pruned,1.375,1,"wide
(0.5-2.5)"
378,78f60c95,6_hard_full,0.0,0,"narrow
(0-0.16)"
379,79c1b235,10_easy_pruned,0.6666666666666666,0,"medium
(0.16-0.5)"
380,7ab580f1,10_medium_full,0.16666666666666666,0,"medium
(0.16-0.5)"
381,7acbc3e2,6_easy_pruned,0.0,1,"narrow
(0-0.16)"
382,7af24207,6_easy_full,1.0833333333333333,0,"wide
(0.5-2.5)"
383,7bd154b6,10_medium_pruned,0.3333333333333333,0,"medium
(0.16-0.5)"
384,7bf4bf38,6_hard_full,0.7272727272727273,0,"wide
(0.5-2.5)"
385,7ca15050,10_easy_full,1.5,0,"wide
(0.5-2.5)"
386,7cc119e0,6_easy_pruned,0.0,1,"narrow
(0-0.16)"
387,7cc2e9d2,6_easy_full,0.0,1,"narrow
(0-0.16)"
388,7cd6b177,10_hard_pruned,0.16666666666666666,1,"medium
(0.16-0.5)"
389,7ce58b1e,10_medium_pruned,0.7307692307692307,0,"wide
(0.5-2.5)"
390,7cf6845b,10_hard_full,0.6,0,"medium
(0.16-0.5)"
391,7da4f147,6_hard_pruned,1.0,0,"wide
(0.5-2.5)"
392,7db4f1d2,6_easy_pruned,0.0,1,"narrow
(0-0.16)"
393,7dd704e0,6_hard_pruned,0.5517241379310345,1,"medium
(0.16-0.5)"
394,7dea8d37,10_hard_pruned,0.8666666666666667,0,"wide
(0.5-2.5)"
395,7df4e828,6_hard_pruned,0.8,0,"wide
(0.5-2.5)"
396,7ee5a934,10_medium_pruned,0.0,1,"narrow
(0-0.16)"
397,7ef11f8d,10_hard_pruned,0.5,0,"medium
(0.16-0.5)"
398,80a2f7f4,6_easy_pruned,0.0,0,"narrow
(0-0.16)"
399,80e591d4,10_hard_pruned,0.3333333333333333,1,"medium
(0.16-0.5)"
400,80f4e933,6_hard_pruned,0.0,0,"narrow
(0-0.16)"
401,81a10227,10_medium_full,0.09090909090909091,0,"narrow
(0-0.16)"
402,81a6c621,10_medium_full,1.1666666666666667,0,"wide
(0.5-2.5)"
403,81c11c9f,6_hard_pruned,0.3333333333333333,1,"medium
(0.16-0.5)"
404,82a4e284,6_hard_pruned,0.13333333333333333,0,"medium
(0.16-0.5)"
405,82e14880,10_medium_full,1.3,0,"wide
(0.5-2.5)"
406,83a2ebd3,6_easy_full,1.8888888888888888,0,"wide
(0.5-2.5)"
407,83aeef63,10_easy_pruned,0.8333333333333334,1,"wide
(0.5-2.5)"
408,83b2c2e2,10_easy_pruned,0.6,1,"medium
(0.16-0.5)"
409,83b6b30c,10_easy_pruned,0.5,0,"medium
(0.16-0.5)"
410,83c64bf9,6_hard_pruned,0.0,0,"narrow
(0-0.16)"
411,83e29fb7,10_easy_pruned,0.0,1,"narrow
(0-0.16)"
412,84a4bf3c,6_hard_full,0.0,0,"narrow
(0-0.16)"
413,84a6ce10,10_medium_full,0.09090909090909091,0,"narrow
(0-0.16)"
414,84dbf4f9,10_hard_full,0.6,1,"medium
(0.16-0.5)"
415,84f4e263,6_hard_pruned,0.75,0,"wide
(0.5-2.5)"
416,85b4e5c4,6_hard_pruned,1.0,1,"wide
(0.5-2.5)"
417,85e50169,10_medium_full,0.125,0,"medium
(0.16-0.5)"
418,86a5c03e,10_hard_full,3.0,0,"wide
(0.5-2.5)"
419,86b58ffd,10_hard_pruned,0.0,1,"narrow
(0-0.16)"
420,86f29ab1,10_hard_full,0.0,1,"narrow
(0-0.16)"
421,86f6e2cb,6_easy_full,0.6153846153846154,0,"medium
(0.16-0.5)"
422,87a6b32b,10_easy_pruned,0.0,1,"narrow
(0-0.16)"
423,87b50908,6_hard_full,0.5555555555555556,0,"medium
(0.16-0.5)"
424,87f4bf56,6_hard_full,0.5,0,"medium
(0.16-0.5)"
425,87f610ee,6_hard_full,0.3333333333333333,0,"medium
(0.16-0.5)"
426,89cbc391,10_easy_full,1.3018867924528301,0,"wide
(0.5-2.5)"
427,89cbfdf9,10_easy_pruned,0.75,1,"wide
(0.5-2.5)"
428,89d60ba4,6_hard_full,0.38095238095238093,0,"medium
(0.16-0.5)"
429,89fbc220,10_medium_full,0.0,0,"narrow
(0-0.16)"
430,8aa45fa2,6_easy_pruned,0.0,0,"narrow
(0-0.16)"
431,8aa6d830,10_hard_pruned,0.17391304347826086,1,"medium
(0.16-0.5)"
432,8ab71c6b,6_easy_pruned,0.0,1,"narrow
(0-0.16)"
433,8ac4c37c,6_hard_full,0.3333333333333333,0,"medium
(0.16-0.5)"
434,8af4330d,10_hard_full,1.3636363636363635,0,"wide
(0.5-2.5)"
435,8bb14a06,10_medium_pruned,0.5,0,"medium
(0.16-0.5)"
436,8bc22e79,10_easy_full,1.2941176470588236,1,"wide
(0.5-2.5)"
437,8bc69c49,10_hard_full,1.0454545454545454,0,"wide
(0.5-2.5)"
438,8bd700c4,10_medium_pruned,0.2,0,"medium
(0.16-0.5)"
439,8ca28d2c,10_hard_full,0.2857142857142857,1,"medium
(0.16-0.5)"
440,8cc432fc,10_medium_full,0.25,0,"medium
(0.16-0.5)"
441,8cc55abe,6_easy_full,0.0,0,"narrow
(0-0.16)"
442,8cd2e9f3,6_easy_full,0.75,0,"wide
(0.5-2.5)"
443,8de6a2af,10_easy_full,0.0,1,"narrow
(0-0.16)"
444,8defd34b,10_easy_pruned,1.0833333333333333,0,"wide
(0.5-2.5)"
445,8df4f6e8,6_easy_full,0.1,1,"narrow
(0-0.16)"
446,8ea4bf56,6_hard_full,1.0,0,"wide
(0.5-2.5)"
447,8ea50714,10_hard_pruned,0.8823529411764706,0,"wide
(0.5-2.5)"
448,8eb1ba3b,10_easy_pruned,1.0714285714285714,0,"wide
(0.5-2.5)"
449,8ec146c8,10_easy_pruned,0.3333333333333333,1,"medium
(0.16-0.5)"
450,8fa6d75f,10_medium_full,0.5714285714285714,0,"medium
(0.16-0.5)"
451,8fc76287,6_hard_full,0.4782608695652174,1,"medium
(0.16-0.5)"
452,8fcbec83,6_hard_full,1.0,0,"wide
(0.5-2.5)"
453,8ff6ab84,10_easy_pruned,0.0,0,"narrow
(0-0.16)"
454,90c60de8,6_hard_full,2.066666666666667,0,"wide
(0.5-2.5)"
455,90e4327c,10_hard_full,0.0,0,"narrow
(0-0.16)"
456,91a61ead,6_hard_full,0.0,0,"narrow
(0-0.16)"
457,91cfd7fb,6_hard_full,0.9444444444444444,1,"wide
(0.5-2.5)"
458,91f586cc,6_easy_full,1.7142857142857142,0,"wide
(0.5-2.5)"
459,92a70054,10_easy_full,0.5454545454545454,0,"medium
(0.16-0.5)"
460,92a74a76,6_hard_pruned,0.2857142857142857,0,"medium
(0.16-0.5)"
461,92b722f3,6_hard_full,0.7692307692307693,0,"wide
(0.5-2.5)"
462,92d4349b,10_easy_full,1.1666666666666667,0,"wide
(0.5-2.5)"
463,92e6f512,10_hard_full,0.0,1,"narrow
(0-0.16)"
464,92f58f05,10_medium_full,0.1,0,"narrow
(0-0.16)"
465,92f69945,10_easy_pruned,0.5,1,"medium
(0.16-0.5)"
466,93a45177,10_medium_pruned,0.5714285714285714,1,"medium
(0.16-0.5)"
467,93c55a1b,6_easy_pruned,1.2,1,"wide
(0.5-2.5)"
468,93c6d00d,10_medium_full,0.13333333333333333,0,"medium
(0.16-0.5)"
469,93c70cc1,10_medium_full,0.375,1,"medium
(0.16-0.5)"
470,93ebead7,10_medium_pruned,1.0,1,"wide
(0.5-2.5)"
471,94a1a7e0,10_hard_pruned,0.0,1,"narrow
(0-0.16)"
472,94a4f5d4,10_medium_pruned,0.3333333333333333,1,"medium
(0.16-0.5)"
473,94abbfb2,6_easy_pruned,0.0,1,"narrow
(0-0.16)"
474,94d6ef33,6_hard_full,0.6428571428571429,0,"medium
(0.16-0.5)"
475,94e4c554,6_hard_full,0.8333333333333334,1,"wide
(0.5-2.5)"
476,94f5a0a9,10_medium_full,0.0,0,"narrow
(0-0.16)"
477,95e69707,10_medium_pruned,0.0,1,"narrow
(0-0.16)"
478,96abd246,10_medium_full,0.0,0,"narrow
(0-0.16)"
479,96afd320,6_easy_pruned,0.5,1,"medium
(0.16-0.5)"
480,97aefe1f,10_medium_pruned,0.5,1,"medium
(0.16-0.5)"
481,97d44ac8,10_easy_full,1.375,1,"wide
(0.5-2.5)"
482,98c10b8a,10_hard_pruned,0.8333333333333334,0,"wide
(0.5-2.5)"
483,98c4bf54,6_hard_full,0.3333333333333333,0,"medium
(0.16-0.5)"
484,98c56b80,6_easy_full,3.0,0,"wide
(0.5-2.5)"
485,98d105c1,10_hard_full,0.2,1,"medium
(0.16-0.5)"
486,98e146a8,10_hard_full,1.5555555555555556,0,"wide
(0.5-2.5)"
487,98e1bc02,10_medium_pruned,0.75,0,"wide
(0.5-2.5)"
488,98ef1a30,10_medium_full,1.3333333333333333,0,"wide
(0.5-2.5)"
489,99a55a43,6_easy_full,0.0,0,"narrow
(0-0.16)"
490,99b44e42,10_easy_pruned,1.9,0,"wide
(0.5-2.5)"
491,99b587e6,10_hard_pruned,0.0,1,"narrow
(0-0.16)"
492,99d55a2e,6_easy_full,0.0,1,"narrow
(0-0.16)"
493,99f6aaf6,10_easy_pruned,0.5,0,"medium
(0.16-0.5)"
494,9aa6cdee,10_medium_full,0.0,0,"narrow
(0-0.16)"
495,9ad23291,6_easy_full,0.0,1,"narrow
(0-0.16)"
496,9adbc2df,6_hard_full,1.5,0,"wide
(0.5-2.5)"
497,9ae6cdf8,10_hard_full,0.9583333333333334,0,"wide
(0.5-2.5)"
498,9ae751bc,10_easy_full,1.1818181818181819,1,"wide
(0.5-2.5)"
499,9af4b085,10_easy_pruned,0.0,1,"narrow
(0-0.16)"
500,9ba1165f,10_medium_pruned,0.3333333333333333,0,"medium
(0.16-0.5)"
501,9be4eb1b,6_hard_pruned,1.0,0,"wide
(0.5-2.5)"
502,9be580e5,10_hard_pruned,0.8571428571428571,1,"wide
(0.5-2.5)"
503,9befd8ad,10_hard_full,2.0,0,"wide
(0.5-2.5)"
504,9cf22841,6_easy_pruned,0.0,1,"narrow
(0-0.16)"
505,9da51cdd,10_medium_pruned,0.2777777777777778,1,"medium
(0.16-0.5)"
506,9da55acf,6_easy_full,0.23809523809523808,1,"medium
(0.16-0.5)"
507,9db10b00,6_easy_pruned,0.0,1,"narrow
(0-0.16)"
508,9dc50a3d,6_hard_full,0.84,0,"wide
(0.5-2.5)"
509,9dd11e8e,10_medium_pruned,0.18181818181818182,0,"medium
(0.16-0.5)"
510,9dd66bae,6_hard_pruned,0.2,0,"medium
(0.16-0.5)"
511,9de17b3b,10_medium_full,0.36363636363636365,0,"medium
(0.16-0.5)"
512,9defd82d,6_easy_full,1.6666666666666667,0,"wide
(0.5-2.5)"
513,9df449da,10_hard_pruned,0.6666666666666666,0,"medium
(0.16-0.5)"
514,9df60bf8,6_hard_full,0.0,0,"narrow
(0-0.16)"
515,9ea4fe94,10_medium_full,0.2,0,"medium
(0.16-0.5)"
516,9ed6aa41,10_hard_pruned,0.0,0,"narrow
(0-0.16)"
517,9ef6ace9,10_easy_pruned,2.4,0,"wide
(0.5-2.5)"
518,9fa593df,10_easy_pruned,1.3333333333333333,0,"wide
(0.5-2.5)"
519,9fe6c937,10_easy_pruned,1.0769230769230769,1,"wide
(0.5-2.5)"
520,a0a14678,10_hard_pruned,0.2727272727272727,0,"medium
(0.16-0.5)"
521,a0a4f4ea,10_medium_full,1.1111111111111112,0,"wide
(0.5-2.5)"
522,a0d659c9,6_hard_pruned,0.7142857142857143,0,"wide
(0.5-2.5)"
523,a0d6aab7,10_hard_pruned,1.0,0,"wide
(0.5-2.5)"
524,a0f4f1bf,6_hard_pruned,0.6470588235294118,0,"medium
(0.16-0.5)"
525,a1b6b72c,10_hard_pruned,0.0,1,"narrow
(0-0.16)"
526,a2c12212,10_easy_pruned,0.0,0,"narrow
(0-0.16)"
527,a2d1c30b,10_easy_full,1.0,0,"wide
(0.5-2.5)"
528,a2d68973,10_easy_full,1.0,0,"wide
(0.5-2.5)"
529,a2e1a84e,10_medium_pruned,0.3333333333333333,1,"medium
(0.16-0.5)"
530,a2ebe618,6_hard_pruned,0.0,0,"narrow
(0-0.16)"
531,a2f6ba1d,6_hard_full,0.0,0,"narrow
(0-0.16)"
532,a3a2ec55,10_easy_full,1.8333333333333333,1,"wide
(0.5-2.5)"
533,a3b4e28e,6_hard_pruned,0.0,0,"narrow
(0-0.16)"
534,a3d4c3b2,6_hard_full,0.7777777777777778,1,"wide
(0.5-2.5)"
535,a3d5dfda,6_hard_full,0.23076923076923078,0,"medium
(0.16-0.5)"
536,a3eacaa9,10_hard_full,0.0,0,"narrow
(0-0.16)"
537,a4c60d7a,6_hard_full,0.75,0,"wide
(0.5-2.5)"
538,a4f74985,10_hard_full,1.3333333333333333,0,"wide
(0.5-2.5)"
539,a5a65415,6_hard_pruned,0.0,0,"narrow
(0-0.16)"
540,a5d2fa66,10_hard_pruned,0.0,1,"narrow
(0-0.16)"
541,a5d43d8e,10_hard_full,0.0,0,"narrow
(0-0.16)"
542,a5e116c5,10_medium_full,0.0,0,"narrow
(0-0.16)"
543,a6bff327,6_easy_full,0.42857142857142855,0,"medium
(0.16-0.5)"
544,a6d2eaff,10_hard_full,0.6363636363636364,0,"medium
(0.16-0.5)"
545,a6f610e1,6_hard_full,0.16666666666666666,0,"medium
(0.16-0.5)"
546,a7a2ecf3,10_medium_full,0.3333333333333333,0,"medium
(0.16-0.5)"
547,a7b181fa,6_easy_pruned,0.0,0,"narrow
(0-0.16)"
548,a7b511d6,10_medium_full,0.3157894736842105,0,"medium
(0.16-0.5)"
549,a7bfd4fc,10_easy_pruned,0.8,0,"wide
(0.5-2.5)"
550,a7f55a0a,6_easy_full,0.1111111111111111,1,"medium
(0.16-0.5)"
551,a8b44557,10_medium_full,0.6,0,"medium
(0.16-0.5)"
552,a8b597cd,6_easy_full,0.0,1,"narrow
(0-0.16)"
553,a8d6ce37,10_hard_full,0.0,0,"narrow
(0-0.16)"
554,a9cbcabb,10_medium_pruned,0.6666666666666666,1,"medium
(0.16-0.5)"
555,a9d5979e,6_easy_full,0.8333333333333334,0,"wide
(0.5-2.5)"
556,a9e56013,6_easy_pruned,0.0,0,"narrow
(0-0.16)"
557,aad5a289,6_easy_pruned,0.0,1,"narrow
(0-0.16)"
558,aafbd6ab,6_hard_pruned,0.5,0,"medium
(0.16-0.5)"
559,abc728e1,10_hard_full,0.16666666666666666,1,"medium
(0.16-0.5)"
560,abd12ee2,10_medium_pruned,0.6666666666666666,1,"medium
(0.16-0.5)"
561,abd29616,10_medium_pruned,0.0,1,"narrow
(0-0.16)"
562,abdacc98,10_easy_full,1.3333333333333333,0,"wide
(0.5-2.5)"
563,abe2aaa5,10_medium_pruned,0.3333333333333333,0,"medium
(0.16-0.5)"
564,abf59f0c,6_easy_full,0.0,0,"narrow
(0-0.16)"
565,aca229a6,10_easy_full,0.5,0,"medium
(0.16-0.5)"
566,acb11b17,10_easy_pruned,0.0,1,"narrow
(0-0.16)"
567,acc6e9d4,10_easy_full,0.9230769230769231,1,"wide
(0.5-2.5)"
568,acd61c3d,6_hard_full,1.5,0,"wide
(0.5-2.5)"
569,acdac85f,10_hard_pruned,0.7727272727272727,0,"wide
(0.5-2.5)"
570,aceaccbc,10_hard_full,1.1,0,"wide
(0.5-2.5)"
571,ada4c06f,6_hard_full,0.8214285714285714,0,"wide
(0.5-2.5)"
572,adc2f895,10_hard_full,0.8181818181818182,1,"wide
(0.5-2.5)"
573,add50f98,10_hard_full,0.42857142857142855,0,"medium
(0.16-0.5)"
574,aed647d3,6_hard_pruned,0.6666666666666666,0,"medium
(0.16-0.5)"
575,aedbea55,6_easy_full,0.0,1,"narrow
(0-0.16)"
576,aefbe715,10_easy_full,2.769230769230769,0,"wide
(0.5-2.5)"
577,afe6c7c5,10_hard_pruned,0.5714285714285714,0,"medium
(0.16-0.5)"
578,b0c6f3a8,10_medium_pruned,0.75,0,"wide
(0.5-2.5)"
579,b0d5043d,10_medium_full,0.4166666666666667,0,"medium
(0.16-0.5)"
580,b0d518a1,6_hard_full,0.8823529411764706,0,"wide
(0.5-2.5)"
581,b0e1157c,6_hard_pruned,0.6,0,"medium
(0.16-0.5)"
582,b0f2b4eb,10_hard_full,1.125,0,"wide
(0.5-2.5)"
583,b0f44295,10_easy_pruned,0.6666666666666666,0,"medium
(0.16-0.5)"
584,b2b4e2c1,6_hard_pruned,0.75,0,"wide
(0.5-2.5)"
585,b2d44cf9,10_medium_pruned,0.0,0,"narrow
(0-0.16)"
586,b2d60bc9,6_hard_full,0.75,0,"wide
(0.5-2.5)"
587,b2e29cb8,10_hard_pruned,0.625,0,"medium
(0.16-0.5)"
588,b2e4e98a,6_hard_pruned,0.0,0,"narrow
(0-0.16)"
589,b2f58fbd,10_hard_full,1.2222222222222223,0,"wide
(0.5-2.5)"
590,b3b1b79a,10_hard_pruned,0.6666666666666666,0,"medium
(0.16-0.5)"
591,b3dbd892,10_medium_full,0.0,0,"narrow
(0-0.16)"
592,b3e4f78d,6_easy_full,0.0,0,"narrow
(0-0.16)"
593,b4a4f22a,10_easy_full,1.5,0,"wide
(0.5-2.5)"
594,b4abeb7e,6_easy_full,0.0,1,"narrow
(0-0.16)"
595,b5a6dc1f,10_easy_pruned,0.625,0,"medium
(0.16-0.5)"
596,b5b1466a,6_easy_full,0.0,0,"narrow
(0-0.16)"
597,b5b6dcbc,10_hard_full,1.3333333333333333,0,"wide
(0.5-2.5)"
598,b5c6aa47,10_easy_pruned,0.0,0,"narrow
(0-0.16)"
599,b5eefb3b,10_easy_full,0.0,0,"narrow
(0-0.16)"
600,b6b25181,10_easy_full,0.4,0,"medium
(0.16-0.5)"
601,b7a4fe27,6_hard_full,0.75,0,"wide
(0.5-2.5)"
602,b7d2ed28,6_easy_pruned,0.0,1,"narrow
(0-0.16)"
603,b7e510d3,6_easy_pruned,0.0,1,"narrow
(0-0.16)"
604,b7e6b167,10_easy_pruned,0.4444444444444444,1,"medium
(0.16-0.5)"
605,b7eae04f,6_easy_full,3.0,0,"wide
(0.5-2.5)"
606,b8a4fbaa,10_easy_full,0.2,0,"medium
(0.16-0.5)"
607,b8bac8b7,10_hard_pruned,1.2222222222222223,0,"wide
(0.5-2.5)"
608,b8e4bf48,6_hard_full,0.0,0,"narrow
(0-0.16)"
609,b8f4e433,6_hard_pruned,0.0,0,"narrow
(0-0.16)"
610,b9bbc96c,10_medium_full,0.16666666666666666,0,"medium
(0.16-0.5)"
611,b9bbef4c,10_easy_full,1.8,0,"wide
(0.5-2.5)"
612,b9c59db1,10_medium_full,1.0,0,"wide
(0.5-2.5)"
613,b9e10f8b,10_easy_pruned,1.4285714285714286,1,"wide
(0.5-2.5)"
614,b9e44d9b,10_hard_full,2.0,0,"wide
(0.5-2.5)"
615,b9e512db,6_hard_pruned,0.625,0,"medium
(0.16-0.5)"
616,bac25238,10_hard_full,0.1,1,"narrow
(0-0.16)"
617,bacbc468,10_hard_pruned,0.0,1,"narrow
(0-0.16)"
618,bad4f1b5,6_hard_pruned,0.3333333333333333,0,"medium
(0.16-0.5)"
619,bad589c5,6_easy_pruned,0.0,1,"narrow
(0-0.16)"
620,bae297ee,10_easy_full,0.0,0,"narrow
(0-0.16)"
621,bae4ffc0,6_hard_pruned,0.14285714285714285,0,"medium
(0.16-0.5)"
622,bae515f2,6_hard_full,0.2,0,"medium
(0.16-0.5)"
623,bae5726e,6_easy_full,0.3333333333333333,1,"medium
(0.16-0.5)"
624,bbc23545,6_easy_full,0.2,0,"medium
(0.16-0.5)"
625,bbc6b8cf,10_easy_pruned,1.5909090909090908,0,"wide
(0.5-2.5)"
626,bca124ea,10_medium_full,0.0,0,"narrow
(0-0.16)"
627,bcdfd2df,6_hard_full,0.4444444444444444,0,"medium
(0.16-0.5)"
628,bcf290e5,10_medium_pruned,1.1818181818181819,0,"wide
(0.5-2.5)"
629,bcf51783,10_hard_pruned,0.0,0,"narrow
(0-0.16)"
630,bda28d31,10_medium_pruned,1.1764705882352942,1,"wide
(0.5-2.5)"
631,bdb28da4,6_easy_full,2.0,0,"wide
(0.5-2.5)"
632,bdd7483e,10_medium_pruned,0.0,1,"narrow
(0-0.16)"
633,bdf2527a,10_medium_full,0.4,0,"medium
(0.16-0.5)"
634,bdf4e34a,6_hard_pruned,0.6428571428571429,0,"medium
(0.16-0.5)"
635,bea55a9c,6_easy_pruned,0.5,0,"medium
(0.16-0.5)"
636,bea5941a,6_easy_full,0.0,1,"narrow
(0-0.16)"
637,bed50a1d,6_hard_full,0.0,1,"narrow
(0-0.16)"
638,bfa60c8b,6_hard_full,0.0,1,"narrow
(0-0.16)"
639,bfa6b911,10_easy_pruned,0.7307692307692307,1,"wide
(0.5-2.5)"
640,bfabcc7d,10_medium_full,0.3333333333333333,0,"medium
(0.16-0.5)"
641,bfe4c87d,6_hard_full,1.0,0,"wide
(0.5-2.5)"
642,bff4e70e,6_hard_pruned,0.0,0,"narrow
(0-0.16)"
643,c0cbeef2,6_easy_pruned,0.0,1,"narrow
(0-0.16)"
644,c0dfd341,10_easy_full,0.3333333333333333,1,"medium
(0.16-0.5)"
645,c0e2ec1e,10_hard_pruned,0.0,1,"narrow
(0-0.16)"
646,c0f60e45,6_hard_full,1.2,0,"wide
(0.5-2.5)"
647,c1b6d6a4,10_hard_full,0.0,0,"narrow
(0-0.16)"
648,c1f29bae,6_easy_pruned,0.125,1,"medium
(0.16-0.5)"
649,c2cbff2e,10_hard_pruned,0.0,0,"narrow
(0-0.16)"
650,c3b45154,10_medium_full,0.0,0,"narrow
(0-0.16)"
651,c3d6d0e6,10_hard_full,1.8,0,"wide
(0.5-2.5)"
652,c3dfd812,10_easy_pruned,0.6190476190476191,1,"medium
(0.16-0.5)"
653,c4c6bed8,10_easy_pruned,0.5714285714285714,0,"medium
(0.16-0.5)"
654,c4d6cb2d,10_hard_pruned,0.0,0,"narrow
(0-0.16)"
655,c4f2ef6f,10_easy_pruned,0.0,0,"narrow
(0-0.16)"
656,c5d58198,10_medium_full,0.2727272727272727,0,"medium
(0.16-0.5)"
657,c5e22eb3,10_hard_full,0.0,1,"narrow
(0-0.16)"
658,c6a15708,10_easy_pruned,0.38461538461538464,0,"medium
(0.16-0.5)"
659,c6aad6d0,10_easy_full,0.6428571428571429,1,"medium
(0.16-0.5)"
660,c6b4c141,6_hard_full,0.8333333333333334,0,"wide
(0.5-2.5)"
661,c6b60d63,6_hard_full,1.4,0,"wide
(0.5-2.5)"
662,c6c100be,10_medium_full,0.5185185185185185,0,"medium
(0.16-0.5)"
663,c7a61295,6_hard_full,1.0,0,"wide
(0.5-2.5)"
664,c7a67aab,6_hard_full,0.3333333333333333,0,"medium
(0.16-0.5)"
665,c7b1e912,10_medium_full,0.0,0,"narrow
(0-0.16)"
666,c7c4e29b,6_hard_pruned,0.0,0,"narrow
(0-0.16)"
667,c7c6f18d,10_easy_pruned,0.0,1,"narrow
(0-0.16)"
668,c7d594f8,6_easy_full,0.0,0,"narrow
(0-0.16)"
669,c7eefab1,10_easy_full,0.75,0,"wide
(0.5-2.5)"
670,c7fffe38,6_hard_pruned,0.4,0,"medium
(0.16-0.5)"
671,c8a4fa50,6_hard_full,1.1764705882352942,0,"wide
(0.5-2.5)"
672,c8afed22,6_easy_pruned,1.2857142857142858,0,"wide
(0.5-2.5)"
673,c8b32c21,10_easy_full,0.5555555555555556,1,"medium
(0.16-0.5)"
674,c8c4f85a,10_easy_full,0.8571428571428571,1,"wide
(0.5-2.5)"
675,c8f4c13d,6_hard_full,1.0,0,"wide
(0.5-2.5)"
676,c9c757af,6_easy_pruned,0.0,1,"narrow
(0-0.16)"
677,c9f64da2,6_hard_pruned,0.5,0,"medium
(0.16-0.5)"
678,cab61023,6_hard_full,0.0,0,"narrow
(0-0.16)"
679,cbc42ba3,10_medium_full,0.2,0,"medium
(0.16-0.5)"
680,ccc4e27e,6_hard_pruned,0.0,1,"narrow
(0-0.16)"
681,cccfd3ac,10_easy_full,0.8333333333333334,0,"wide
(0.5-2.5)"
682,cce7504c,10_hard_pruned,0.8571428571428571,0,"wide
(0.5-2.5)"
683,cceac8ca,6_hard_full,0.5,0,"medium
(0.16-0.5)"
684,cda2f561,6_easy_full,0.0,0,"narrow
(0-0.16)"
685,cdc50047,10_easy_pruned,0.3076923076923077,1,"medium
(0.16-0.5)"
686,cdc514e1,10_hard_pruned,0.8,0,"wide
(0.5-2.5)"
687,cdc57c79,6_easy_pruned,1.125,1,"wide
(0.5-2.5)"
688,cdd55d42,6_easy_pruned,0.2222222222222222,0,"medium
(0.16-0.5)"
689,ceafe698,10_easy_pruned,0.5,1,"medium
(0.16-0.5)"
690,ceb154c1,10_hard_pruned,0.2,1,"medium
(0.16-0.5)"
691,ceb50693,6_hard_pruned,0.6,0,"medium
(0.16-0.5)"
692,cec10cc8,10_easy_pruned,0.0,1,"narrow
(0-0.16)"
693,cee4bfa4,6_hard_full,0.5,0,"medium
(0.16-0.5)"
694,cee566b4,6_easy_full,0.0,1,"narrow
(0-0.16)"
695,cefc077d,10_medium_pruned,0.16666666666666666,1,"medium
(0.16-0.5)"
696,cfc29495,10_hard_full,1.2666666666666666,0,"wide
(0.5-2.5)"
697,cfc46a6f,10_easy_pruned,0.1875,0,"medium
(0.16-0.5)"
698,cfc5dcb3,6_hard_full,0.5,0,"medium
(0.16-0.5)"
699,cfd6ff5a,6_easy_full,1.0833333333333333,0,"wide
(0.5-2.5)"
700,cff10c9a,10_easy_full,0.0,1,"narrow
(0-0.16)"
701,d0a58874,6_easy_full,0.4,1,"medium
(0.16-0.5)"
702,d0d5a665,10_easy_pruned,0.0,1,"narrow
(0-0.16)"
703,d0e4332c,10_medium_full,0.47368421052631576,0,"medium
(0.16-0.5)"
704,d0e6841e,10_easy_full,2.1923076923076925,1,"wide
(0.5-2.5)"
705,d0f687f1,10_medium_pruned,0.6923076923076923,0,"wide
(0.5-2.5)"
706,d1a42fc7,10_hard_full,2.0,0,"wide
(0.5-2.5)"
707,d1bbc1e6,10_medium_pruned,0.3333333333333333,1,"medium
(0.16-0.5)"
708,d1cac84b,10_hard_pruned,0.9,0,"wide
(0.5-2.5)"
709,d1e15779,10_easy_pruned,0.0,1,"narrow
(0-0.16)"
710,d1e4eb09,6_hard_pruned,0.2,0,"medium
(0.16-0.5)"
711,d2ac158a,10_hard_full,0.0,1,"narrow
(0-0.16)"
712,d2b6cfbb,10_medium_full,0.5,0,"medium
(0.16-0.5)"
713,d2d73ea5,6_easy_pruned,1.0,0,"wide
(0.5-2.5)"
714,d2f65bb5,6_hard_pruned,0.0,0,"narrow
(0-0.16)"
715,d3b525de,6_easy_full,2.4285714285714284,0,"wide
(0.5-2.5)"
716,d3c580d5,10_easy_full,0.3,1,"medium
(0.16-0.5)"
717,d4a2a5ec,6_easy_full,0.1,1,"narrow
(0-0.16)"
718,d4c433e6,6_easy_full,0.0,1,"narrow
(0-0.16)"
719,d4cbca4e,10_easy_full,0.8,0,"wide
(0.5-2.5)"
720,d4f331ad,10_medium_full,0.36363636363636365,0,"medium
(0.16-0.5)"
721,d4fac87b,6_hard_pruned,0.0,0,"narrow
(0-0.16)"
722,d5a6aafd,10_hard_pruned,1.0,0,"wide
(0.5-2.5)"
723,d5aff345,10_easy_pruned,1.55,0,"wide
(0.5-2.5)"
724,d5b22aaa,10_easy_full,1.1428571428571428,0,"wide
(0.5-2.5)"
725,d5d6cf7e,10_medium_pruned,0.25,1,"medium
(0.16-0.5)"
726,d6a29462,10_easy_full,0.0,0,"narrow
(0-0.16)"
727,d6a55f6a,6_easy_pruned,0.0,0,"narrow
(0-0.16)"
728,d6b67ee1,6_easy_full,0.1,1,"narrow
(0-0.16)"
729,d6c10e9a,10_easy_full,0.7894736842105263,0,"wide
(0.5-2.5)"
730,d6c6d18c,10_medium_pruned,0.0,1,"narrow
(0-0.16)"
731,d6d500ab,6_easy_full,0.3333333333333333,0,"medium
(0.16-0.5)"
732,d8a4f092,6_hard_pruned,0.6666666666666666,0,"medium
(0.16-0.5)"
733,d8aacc7a,10_medium_pruned,0.0,1,"narrow
(0-0.16)"
734,d8d6bed1,10_hard_pruned,0.1,1,"narrow
(0-0.16)"
735,d8e6ea40,10_medium_full,0.8461538461538461,0,"wide
(0.5-2.5)"
736,d8f4e4d9,6_hard_pruned,1.2857142857142858,0,"wide
(0.5-2.5)"
737,d8f6387b,6_hard_full,0.5,0,"medium
(0.16-0.5)"
738,d9a3047f,10_medium_pruned,0.0,1,"narrow
(0-0.16)"
739,d9e4f7e5,10_hard_pruned,0.0,0,"narrow
(0-0.16)"
740,daa11f50,10_medium_pruned,0.2,0,"medium
(0.16-0.5)"
741,daa59c50,10_hard_pruned,0.0,0,"narrow
(0-0.16)"
742,dabbe6bb,6_easy_full,0.2222222222222222,1,"medium
(0.16-0.5)"
743,dacfd3d4,10_easy_full,1.1428571428571428,0,"wide
(0.5-2.5)"
744,dae59162,10_medium_full,0.25,1,"medium
(0.16-0.5)"
745,daefd33a,6_hard_pruned,0.0,0,"narrow
(0-0.16)"
746,daf74d3f,10_easy_full,0.0,1,"narrow
(0-0.16)"
747,dba1b189,10_medium_full,0.6097560975609756,0,"medium
(0.16-0.5)"
748,dbb14c32,6_easy_pruned,0.0,0,"narrow
(0-0.16)"
749,dbc59105,10_hard_full,1.4411764705882353,0,"wide
(0.5-2.5)"
750,dbc6ab5f,10_easy_pruned,0.0,1,"narrow
(0-0.16)"
751,dbe65101,6_hard_pruned,0.2,0,"medium
(0.16-0.5)"
752,dbe71b15,6_hard_full,0.2,0,"medium
(0.16-0.5)"
753,dcc4f10e,6_hard_full,0.0,0,"narrow
(0-0.16)"
754,dcfbe5af,6_easy_pruned,0.5,1,"medium
(0.16-0.5)"
755,ddb7456a,6_easy_pruned,0.0,1,"narrow
(0-0.16)"
756,dde2a9c5,10_medium_full,0.0,1,"narrow
(0-0.16)"
757,ddf2ee42,6_easy_full,0.8,1,"wide
(0.5-2.5)"
758,dec24cb0,10_easy_full,0.44,0,"medium
(0.16-0.5)"
759,dec64994,6_hard_pruned,0.4,0,"medium
(0.16-0.5)"
760,ded14ffd,10_medium_pruned,0.0,1,"narrow
(0-0.16)"
761,dfa705b9,6_easy_pruned,0.4,1,"medium
(0.16-0.5)"
762,dfb576d2,6_easy_full,0.3333333333333333,0,"medium
(0.16-0.5)"
763,dfcbf407,6_hard_full,0.8,0,"wide
(0.5-2.5)"
764,dfe6bb89,10_hard_pruned,0.6666666666666666,0,"medium
(0.16-0.5)"
765,dfe6bee3,6_hard_full,1.0909090909090908,0,"wide
(0.5-2.5)"
766,e0a10efa,10_medium_full,0.0,0,"narrow
(0-0.16)"
767,e0a44f08,10_medium_full,0.16666666666666666,0,"medium
(0.16-0.5)"
768,e0a737b6,6_hard_pruned,0.0,0,"narrow
(0-0.16)"
769,e0b14a0b,10_medium_full,0.2777777777777778,0,"medium
(0.16-0.5)"
770,e0b1b70d,10_medium_full,0.0,0,"narrow
(0-0.16)"
771,e0b57941,6_easy_pruned,0.0,1,"narrow
(0-0.16)"
772,e0d29b7b,10_hard_full,1.3846153846153846,0,"wide
(0.5-2.5)"
773,e0e580d6,10_hard_pruned,0.8,0,"wide
(0.5-2.5)"
774,e1a64c7d,6_hard_pruned,0.9166666666666666,0,"wide
(0.5-2.5)"
775,e1b100ae,6_easy_pruned,1.6666666666666667,1,"wide
(0.5-2.5)"
776,e1e500d7,6_hard_pruned,0.0,1,"narrow
(0-0.16)"
777,e2a43b2c,10_hard_pruned,0.0,0,"narrow
(0-0.16)"
778,e2b10de5,10_hard_pruned,0.6153846153846154,1,"medium
(0.16-0.5)"
779,e2b655ad,6_hard_pruned,0.0,0,"narrow
(0-0.16)"
780,e2bbe5e1,10_easy_pruned,0.5555555555555556,0,"medium
(0.16-0.5)"
781,e3a4effd,10_medium_full,0.38461538461538464,0,"medium
(0.16-0.5)"
782,e3f59d3c,6_easy_full,3.6,0,"wide
(0.5-2.5)"
783,e4a2eb1e,10_easy_full,1.2,1,"wide
(0.5-2.5)"
784,e4c58238,6_easy_full,0.0,1,"narrow
(0-0.16)"
785,e4e447e2,10_medium_full,1.1666666666666667,0,"wide
(0.5-2.5)"
786,e4f58f31,10_medium_pruned,0.0,1,"narrow
(0-0.16)"
787,e5b69f84,10_medium_full,0.0,0,"narrow
(0-0.16)"
788,e5d4e9ce,6_hard_pruned,0.0,0,"narrow
(0-0.16)"
789,e5d4fef8,6_hard_pruned,1.2,0,"wide
(0.5-2.5)"
790,e6abcdb2,10_easy_full,0.3333333333333333,1,"medium
(0.16-0.5)"
791,e6efec72,10_hard_pruned,0.4444444444444444,0,"medium
(0.16-0.5)"
792,e7c28d87,6_easy_full,0.5,0,"medium
(0.16-0.5)"
793,e7f6d472,10_medium_full,0.6428571428571429,0,"medium
(0.16-0.5)"
794,e9b10766,10_medium_pruned,0.0,1,"narrow
(0-0.16)"
795,e9bbf006,10_easy_full,0.9473684210526315,0,"wide
(0.5-2.5)"
796,e9dbbf8a,6_hard_pruned,0.0,0,"narrow
(0-0.16)"
797,e9e1b017,6_easy_pruned,0.0,1,"narrow
(0-0.16)"
798,e9e64bef,6_hard_pruned,0.3333333333333333,1,"medium
(0.16-0.5)"
799,e9f6d068,10_hard_full,0.5833333333333334,0,"medium
(0.16-0.5)"
800,eaaff660,10_medium_full,0.2857142857142857,0,"medium
(0.16-0.5)"
801,ead61455,6_hard_full,0.16666666666666666,0,"medium
(0.16-0.5)"
802,ebb5828a,10_easy_full,0.8571428571428571,1,"wide
(0.5-2.5)"
803,ebc61801,6_hard_full,0.42857142857142855,0,"medium
(0.16-0.5)"
804,ebc64a59,6_hard_pruned,0.0,0,"narrow
(0-0.16)"
805,ecb22d03,10_hard_full,0.75,1,"wide
(0.5-2.5)"
806,ecb55f5b,6_easy_full,0.8,1,"wide
(0.5-2.5)"
807,ecc1bf78,10_medium_full,0.0,0,"narrow
(0-0.16)"
808,ecefd3a0,10_medium_pruned,0.3333333333333333,0,"medium
(0.16-0.5)"
809,edbbcb60,6_easy_pruned,0.0,0,"narrow
(0-0.16)"
810,edf12206,10_hard_full,0.08333333333333333,0,"narrow
(0-0.16)"
811,edfff93e,10_hard_pruned,1.0,0,"wide
(0.5-2.5)"
812,eec719ce,10_easy_pruned,1.0,1,"wide
(0.5-2.5)"
813,eec7360c,6_hard_full,0.0,0,"narrow
(0-0.16)"
814,eef2e93f,10_medium_full,0.7272727272727273,0,"wide
(0.5-2.5)"
815,eef58225,10_medium_full,1.5,0,"wide
(0.5-2.5)"
816,eefbf52d,10_medium_pruned,0.42857142857142855,1,"medium
(0.16-0.5)"
817,efa589db,10_easy_full,0.8333333333333334,0,"wide
(0.5-2.5)"
818,efa5a41b,10_medium_pruned,0.0,1,"narrow
(0-0.16)"
819,efa7383d,6_easy_full,0.6,0,"medium
(0.16-0.5)"
820,efcee9b9,10_easy_full,0.8333333333333334,0,"wide
(0.5-2.5)"
821,efd4fa4a,10_hard_pruned,0.3,0,"medium
(0.16-0.5)"
822,efebc5bb,6_hard_full,1.0,0,"wide
(0.5-2.5)"
823,eff4bf48,6_hard_full,0.0,0,"narrow
(0-0.16)"
824,f0c4e26c,6_hard_pruned,0.0,1,"narrow
(0-0.16)"
825,f0ebc21e,10_hard_full,0.0,0,"narrow
(0-0.16)"
826,f0f29bcd,10_medium_pruned,0.6666666666666666,0,"medium
(0.16-0.5)"
827,f1a55a0f,6_easy_full,0.0,1,"narrow
(0-0.16)"
828,f1e613a1,6_hard_full,0.7142857142857143,0,"wide
(0.5-2.5)"
829,f1f65080,6_hard_pruned,1.0,0,"wide
(0.5-2.5)"
830,f1fbe0de,10_easy_full,0.8571428571428571,0,"wide
(0.5-2.5)"
831,f2f60bd9,6_hard_full,0.6956521739130435,0,"wide
(0.5-2.5)"
832,f3b14830,10_easy_pruned,0.42857142857142855,1,"medium
(0.16-0.5)"
833,f3b42f94,10_hard_pruned,0.47058823529411764,0,"medium
(0.16-0.5)"
834,f3dbeb7e,6_hard_full,0.7777777777777778,0,"wide
(0.5-2.5)"
835,f3f4f4ae,10_hard_pruned,0.0,0,"narrow
(0-0.16)"
836,f4a298dc,10_medium_pruned,0.5714285714285714,0,"medium
(0.16-0.5)"
837,f4a6108e,6_hard_full,0.5,0,"medium
(0.16-0.5)"
838,f4beefc5,6_easy_full,0.0,0,"narrow
(0-0.16)"
839,f4c4f33c,10_hard_pruned,0.5714285714285714,0,"medium
(0.16-0.5)"
840,f4f14f89,10_medium_full,0.0,0,"narrow
(0-0.16)"
841,f4f1c2a3,10_medium_full,1.0,0,"wide
(0.5-2.5)"
842,f5dac888,10_easy_full,1.3157894736842106,0,"wide
(0.5-2.5)"
843,f5def218,6_easy_full,0.4,1,"medium
(0.16-0.5)"
844,f5f6d6ce,10_medium_full,0.0,0,"narrow
(0-0.16)"
845,f6b64ced,6_hard_pruned,0.0,0,"narrow
(0-0.16)"
846,f6c1aeee,10_medium_full,0.5,0,"medium
(0.16-0.5)"
847,f6e6ab7c,10_hard_pruned,0.75,1,"wide
(0.5-2.5)"
848,f6f2f1d1,10_hard_full,1.3636363636363635,0,"wide
(0.5-2.5)"
849,f6fbf6b1,6_hard_full,1.6333333333333333,0,"wide
(0.5-2.5)"
850,f6fbf7bf,10_hard_full,0.8571428571428571,0,"wide
(0.5-2.5)"
851,f7b241ec,10_easy_pruned,0.0,1,"narrow
(0-0.16)"
852,f7b4bfae,6_hard_full,1.0,0,"wide
(0.5-2.5)"
853,f7b6d848,10_medium_pruned,0.6,0,"medium
(0.16-0.5)"
854,f7ebbfe9,10_hard_full,1.5238095238095237,0,"wide
(0.5-2.5)"
855,f8c437b8,10_easy_full,2.6666666666666665,0,"wide
(0.5-2.5)"
856,f8d586d5,10_easy_pruned,0.0,1,"narrow
(0-0.16)"
857,f8d60bcb,6_hard_full,1.0,0,"wide
(0.5-2.5)"
858,f8e11654,10_medium_full,0.2857142857142857,1,"medium
(0.16-0.5)"
859,f8efd664,10_easy_pruned,0.0,1,"narrow
(0-0.16)"
860,f9c123d7,6_easy_full,0.0,1,"narrow
(0-0.16)"
861,f9c14f1b,10_medium_full,0.3076923076923077,0,"medium
(0.16-0.5)"
862,f9d1ac6a,10_medium_pruned,1.5555555555555556,0,"wide
(0.5-2.5)"
863,f9e165cd,10_hard_full,1.1538461538461537,0,"wide
(0.5-2.5)"
864,faa2ee32,10_hard_full,0.0,0,"narrow
(0-0.16)"
865,fab14685,10_hard_pruned,0.0,1,"narrow
(0-0.16)"
866,fac10d6e,6_hard_full,0.875,0,"wide
(0.5-2.5)"
867,fac6126a,6_hard_full,0.8125,0,"wide
(0.5-2.5)"
868,faf45b5f,10_hard_full,0.29411764705882354,1,"medium
(0.16-0.5)"
869,fbc2482b,6_easy_full,0.0,1,"narrow
(0-0.16)"
870,fbf441ba,10_hard_pruned,0.0,1,"narrow
(0-0.16)"
871,fcaffad4,6_hard_pruned,0.5833333333333334,0,"medium
(0.16-0.5)"
872,fcb2e96f,10_easy_full,1.5,0,"wide
(0.5-2.5)"
873,fcb764e3,10_hard_pruned,0.5,1,"medium
(0.16-0.5)"
874,fcf4f6d3,10_easy_full,1.0,0,"wide
(0.5-2.5)"
875,fcfefd95,10_easy_full,0.0,0,"narrow
(0-0.16)"
876,fda1c679,10_medium_full,0.5,0,"medium
(0.16-0.5)"
877,fda4f169,6_easy_full,0.0,1,"narrow
(0-0.16)"
878,fda56e55,6_easy_full,1.0,1,"wide
(0.5-2.5)"
879,fdaa7ebb,6_hard_pruned,0.5,0,"medium
(0.16-0.5)"
880,fdb43452,10_medium_full,0.0,0,"narrow
(0-0.16)"
881,fdc4f07b,10_easy_pruned,0.0,1,"narrow
(0-0.16)"
882,fdd70310,10_hard_full,1.25,0,"wide
(0.5-2.5)"
883,fde4bf4b,6_hard_full,0.7777777777777778,0,"wide
(0.5-2.5)"
884,fde4ef33,6_hard_pruned,0.3333333333333333,0,"medium
(0.16-0.5)"
885,fde6491d,6_hard_pruned,0.6,0,"medium
(0.16-0.5)"
886,fec28d64,10_hard_full,0.5,0,"medium
(0.16-0.5)"
887,fec55e36,6_easy_full,0.0,0,"narrow
(0-0.16)"
888,fec6b568,10_easy_pruned,2.0,0,"wide
(0.5-2.5)"
889,fed230fb,10_easy_pruned,0.0,0,"narrow
(0-0.16)"
890,fedbec09,10_easy_full,1.0,0,"wide
(0.5-2.5)"
891,fee29090,10_easy_full,0.75,0,"wide
(0.5-2.5)"
892,feef235a,10_easy_full,1.3448275862068966,0,"wide
(0.5-2.5)"
893,fef4eae9,6_hard_pruned,0.0,1,"narrow
(0-0.16)"
894,fff4bf68,6_hard_full,0.8333333333333334,0,"wide
(0.5-2.5)"
